timestamp,upstream_pressure_bar,vacuum_chamber_pressure_mbar,elflow_mln_min,keller_p1_bar,keller_tob1_degC,,Residual
2026-05-29T13:19:01.464,3.556289577,3.59E-07,0.007035,3.673902988,21.82836914,,0.04272599
2026-05-29T13:19:21.482,3.555366499,3.59E-07,0.00814,3.673526287,21.80517578,,0.043270521
2026-05-29T13:19:41.497,3.361497876,3.54E-07,0.988695,2.835269213,21.77246094,,-0.601505668
2026-05-29T13:20:01.513,2.593246257,3.59E-07,1.323645,2.673270464,21.75683594,,0.0032107
2026-05-29T13:20:21.537,2.577202457,3.56E-07,0.116935,2.671702623,21.72949219,,0.017654571
2026-05-29T13:20:41.572,2.575518434,3.56E-07,0.086355,2.670107603,21.69702148,,0.017740206
2026-05-29T13:21:01.590,2.575032806,3.47E-05,0.082814286,2.668640614,21.66040039,,0.016757873
2026-05-29T13:21:21.608,2.573949231,2.40E-05,0.12054,2.667590857,21.63256836,,0.016789524
2026-05-29T13:21:41.624,2.57278257,2.30E-05,0.09375,2.665740252,21.60961914,,0.016103247
2026-05-29T13:22:01.640,2.571078737,2.21E-05,0.092025,2.663923264,21.59106445,,0.015986684
2026-05-29T13:22:21.661,2.568685986,2.19E-05,0.09288,2.661937952,21.56811523,,0.016389338
2026-05-29T13:22:41.676,2.56658163,2.18E-05,0.08926,2.660040379,21.54052734,,0.016591912
2026-05-29T13:23:01.681,2.56430091,2.13E-05,0.09236,2.658162832,21.51269531,,0.016990524
2026-05-29T13:23:21.686,2.563531598,2.10E-05,0.089105,2.656218052,21.49438477,,0.015813517
2026-05-29T13:23:41.689,2.563921639,2.10E-05,0.08857,2.654326916,21.47119141,,0.01353312
2026-05-29T13:24:01.702,2.562089139,2.07E-05,0.084425,2.652415752,21.44335938,,0.013450791
2026-05-29T13:24:21.721,2.55927144,2.05E-05,0.078645,2.650437355,21.41113281,,0.014284458
2026-05-29T13:24:41.726,2.559011893,2.05E-05,0.08624,2.648633957,21.37402344,,0.012740088
2026-05-29T13:25:01.730,2.557992555,2.02E-05,0.081275,2.646884203,21.34179688,,0.012007633
2026-05-29T13:25:21.735,2.556171306,2.02E-05,0.08357,2.644925833,21.31420898,,0.011866869
2026-05-29T13:25:41.744,2.553280522,2.02E-05,0.092675,2.643122435,21.28662109,,0.012948473
2026-05-29T13:26:01.749,2.551655063,2.02E-05,0.08189,2.641224623,21.25415039,,0.01267287
2026-05-29T13:26:21.753,2.548126135,1.99E-05,0.08628,2.639374018,21.22680664,,0.014344135
2026-05-29T13:26:41.757,2.54643365,2.01E-05,0.096065,2.637301445,21.19848633,,0.013960663
2026-05-29T13:27:01.761,2.547349323,2.01E-05,0.087295,2.635343075,21.17114258,,0.011088451
2026-05-29T13:27:21.768,2.545395079,1.99E-05,0.091555,2.633391619,21.14331055,,0.01108733
2026-05-29T13:27:41.773,2.54077921,2.02E-05,0.08381,2.631446838,21.11523438,,0.013749187
2026-05-29T13:28:01.776,2.539828629,2.01E-05,0.097535,2.629535675,21.08813477,,0.012786703
2026-05-29T13:28:21.780,2.538682836,1.99E-05,0.09703,2.627617836,21.06005859,,0.012012366
2026-05-29T13:28:41.784,2.535990245,1.99E-05,0.08616,2.625746965,21.03686523,,0.012828701
2026-05-29T13:29:01.792,2.532958581,1.99E-05,0.084975,2.623829126,21.00463867,,0.013936463
2026-05-29T13:29:21.798,2.531797497,1.99E-05,0.084,2.621958256,20.97705078,,0.013224353
2026-05-29T13:29:41.802,2.531408514,1.99E-05,0.097855,2.620020151,20.94873047,,0.011674454
2026-05-29T13:30:01.807,2.528816415,1.96E-05,0.08663,2.617954254,20.92578125,,0.012195472
2026-05-29T13:30:21.810,2.52664311,1.98E-05,0.08858,2.616238117,20.89379883,,0.012648293
2026-05-29T13:30:41.823,2.524863789,1.98E-05,0.08649,2.61440444,20.86547852,,0.012590379
2026-05-29T13:31:01.828,2.523219674,1.98E-05,0.085255,2.612563848,20.83789063,,0.012390614
2026-05-29T13:31:21.832,2.520921644,1.98E-05,0.097945,2.610612392,20.80981445,,0.012732592
2026-05-29T13:31:41.836,2.520969438,1.98E-05,0.09415,2.608721256,20.78198242,,0.010793758
2026-05-29T13:32:01.840,2.520623247,1.98E-05,0.08468,2.606965065,20.7590332,,0.009383064
2026-05-29T13:32:21.871,2.518357336,1.96E-05,0.086065,2.60505724,20.73144531,,0.009736618
2026-05-29T13:32:41.877,2.51581505,1.96E-05,0.086925,2.603304148,20.70361328,,0.010520728
2026-05-29T13:33:01.883,2.513936776,1.98E-05,0.089895,2.601504087,20.67578125,,0.010595185
2026-05-29T13:33:21.888,2.512583942,1.96E-05,0.086165,2.599774599,20.65234375,,0.010215825
2026-05-29T13:33:41.896,2.509660558,1.96E-05,0.083115,2.598045111,20.62426758,,0.011403874
2026-05-29T13:34:01.906,2.510473047,1.95E-05,0.083475,2.596231461,20.59179688,,0.00877936
2026-05-29T13:34:21.910,2.509641325,1.95E-05,0.09171,2.594485044,20.56860352,,0.007863002
2026-05-29T13:34:41.914,2.508291472,1.95E-05,0.091085,2.59269166,20.54980469,,0.007416771
2026-05-29T13:35:01.919,2.505448577,1.96E-05,0.08487,2.590982437,20.53125,,0.008544757
2026-05-29T13:35:21.924,2.505313948,1.96E-05,0.089045,2.589239597,20.50366211,,0.006936277
2026-05-29T13:35:41.932,2.504980836,1.92E-05,0.08292,2.587530136,20.48510742,,0.005559262
2026-05-29T13:36:01.937,2.501755882,1.93E-05,0.08508,2.585736752,20.46191406,,0.006984381
2026-05-29T13:36:21.942,2.498409377,1.92E-05,0.08582,2.584111691,20.4387207,,0.008699133
2026-05-29T13:36:41.947,2.497287913,1.93E-05,0.08301,2.582274437,20.41040039,,0.0079811
2026-05-29T13:37:01.951,2.494755147,1.92E-05,0.086625,2.580511332,20.38769531,,0.008745695
2026-05-29T13:37:21.963,2.492735704,1.93E-05,0.091595,2.57881546,20.36425781,,0.009065227
2026-05-29T13:37:41.967,2.492063614,1.93E-05,0.08676,2.577146769,20.34082031,,0.008067281
2026-05-29T13:38:01.973,2.49077396,1.90E-05,0.08414,2.575508118,20.32226563,,0.007715706
2026-05-29T13:38:21.978,2.48946613,1.92E-05,0.089035,2.573765039,20.29931641,,0.007277842
2026-05-29T13:38:41.982,2.489518443,1.89E-05,0.089865,2.572032213,20.28051758,,0.005492807
2026-05-29T13:39:01.990,2.487889041,1.90E-05,0.086595,2.570366621,20.26171875,,0.005453358
2026-05-29T13:39:21.995,2.485805938,1.89E-05,0.08372,2.56868434,20.23828125,,0.005850013
2026-05-29T13:39:42.000,2.482869284,1.90E-05,0.084715,2.567028999,20.2199707,,0.007125454
2026-05-29T13:40:02.005,2.480176693,1.89E-05,0.08666,2.565390348,20.20141602,,0.008174009
2026-05-29T13:40:22.010,2.477443233,1.89E-05,0.08746,2.563674212,20.18701172,,0.009185865
2026-05-29T13:40:42.018,2.476464765,1.89E-05,0.090875,2.561975002,20.16845703,,0.008463167
2026-05-29T13:41:02.023,2.47594548,1.88E-05,0.086925,2.560312986,20.15429688,,0.007319398
2026-05-29T13:41:22.030,2.474381373,1.89E-05,0.09106,2.558829069,20.140625,,0.007396459
2026-05-29T13:41:42.037,2.472214319,1.90E-05,0.09605,2.55726099,20.12670898,,0.0079911
2026-05-29T13:42:02.041,2.468716932,1.86E-05,0.084275,2.555541754,20.11206055,,0.009762255
2026-05-29T13:42:22.053,2.468463925,1.86E-05,0.086685,2.553802013,20.09399414,,0.008275016
2026-05-29T13:42:42.058,2.468271597,1.85E-05,0.092,2.552126408,20.07519531,,0.006791354
2026-05-29T13:43:02.062,2.465712482,1.86E-05,0.084265,2.550296068,20.06103516,,0.007515011
2026-05-29T13:43:22.067,2.463155675,1.88E-05,0.083278947,2.548647404,20.03759766,,0.00841804
2026-05-29T13:43:42.073,2.461309328,1.86E-05,0.0862,2.547075987,20.01904297,,0.008689278
2026-05-29T13:44:02.080,2.458210926,1.85E-05,0.0833,2.545376778,19.99584961,,0.010082274
2026-05-29T13:44:22.084,2.454789412,1.85E-05,0.086331579,2.543650627,19.98168945,,0.011770793
2026-05-29T13:44:42.088,2.455154835,1.85E-05,0.087965,2.541887522,19.95849609,,0.009642996
2026-05-29T13:45:02.093,2.454153961,1.85E-05,0.090575,2.540228844,19.93969727,,0.00898319
2026-05-29T13:45:22.099,2.451269812,1.81E-05,0.089405,2.538519382,19.92114258,,0.01015211
2026-05-29T13:45:42.108,2.449369805,1.83E-05,0.08878,2.536827087,19.90698242,,0.010356022
2026-05-29T13:46:02.115,2.44780791,1.82E-05,0.082915,2.535158157,19.88818359,,0.010245863
2026-05-29T13:46:22.119,2.447173228,1.81E-05,0.08418,2.533546448,19.86987305,,0.009267566
2026-05-29T13:46:42.124,2.444987518,1.81E-05,0.08492,2.531941414,19.84643555,,0.009843871
2026-05-29T13:47:02.129,2.443422835,1.81E-05,0.08546,2.530353308,19.83276367,,0.009817319
2026-05-29T13:47:22.138,2.440999503,1.81E-05,0.08751,2.52872467,19.81347656,,0.010607166
2026-05-29T13:47:42.142,2.43976322,1.79E-05,0.085505,2.527049065,19.79980469,,0.010165372
2026-05-29T13:48:02.147,2.437691464,1.79E-05,0.08714,2.525322914,19.78540039,,0.010506834
2026-05-29T13:48:22.152,2.435421995,1.81E-05,0.082685,2.523640633,19.7668457,,0.011089482
2026-05-29T13:48:42.157,2.434979063,1.78E-05,0.089215,2.522018909,19.74365234,,0.009909804
2026-05-29T13:49:02.167,2.433152525,1.79E-05,0.083185,2.520356655,19.734375,,0.010070435
2026-05-29T13:49:22.172,2.431477061,1.78E-05,0.08653,2.518754959,19.71533203,,0.010140852
2026-05-29T13:49:42.177,2.42794044,1.79E-05,0.09114,2.517039061,19.69677734,,0.011954502
2026-05-29T13:50:02.181,2.425613272,1.79E-05,0.083425,2.515474319,19.68261719,,0.012712274
2026-05-29T13:50:22.185,2.425640391,1.79E-05,0.08669,2.513694525,19.66381836,,0.010905415
2026-05-29T13:50:42.195,2.424786262,1.78E-05,0.089035,2.512086153,19.64990234,,0.010149463
2026-05-29T13:51:02.200,2.422459095,1.77E-05,0.08589,2.510454178,19.63574219,,0.010840001
2026-05-29T13:51:22.204,2.418693796,1.78E-05,0.085465,2.508852482,19.6171875,,0.012996074
2026-05-29T13:51:42.211,2.417766295,1.78E-05,0.084895,2.507076025,19.59350586,,0.012145263
2026-05-29T13:52:02.216,2.417227777,1.78E-05,0.08652,2.505491257,19.57958984,,0.011097936
2026-05-29T13:52:22.225,2.415230067,1.78E-05,0.083195,2.503886223,19.5612793,,0.011486616
2026-05-29T13:52:42.229,2.412958098,1.78E-05,0.08339,2.502267838,19.546875,,0.012135656
2026-05-29T13:53:02.233,2.411496406,1.75E-05,0.085175,2.500672817,19.52807617,,0.011999404
2026-05-29T13:53:22.238,2.411441015,1.78E-05,0.090805,2.499195814,19.50927734,,0.010577681
2026-05-29T13:53:42.243,2.411092517,1.75E-05,0.08931,2.497833014,19.50415039,,0.009562681
2026-05-29T13:54:02.251,2.409967495,1.77E-05,0.081825,2.49674964,19.50439453,,0.009602079
2026-05-29T13:54:22.256,2.409438497,1.74E-05,0.08156,2.49551487,19.50439453,,0.008895249
2026-05-29T13:54:42.260,2.407265192,1.74E-05,0.07898,2.494532347,19.5090332,,0.010081685
2026-05-29T13:55:02.265,2.406637722,1.73E-05,0.07628,2.493418455,19.51342773,,0.009594008
2026-05-29T13:55:22.269,2.40641895,1.73E-05,0.07469,2.492580652,19.52709961,,0.008974541
2026-05-29T13:55:42.277,2.405534241,1.73E-05,0.074665,2.491621733,19.53662109,,0.00889856
2026-05-29T13:56:02.283,2.403843775,1.71E-05,0.07425,2.490659475,19.5456543,,0.009623388
2026-05-29T13:56:22.289,2.403668661,1.73E-05,0.07516,2.489626408,19.55932617,,0.008765084
2026-05-29T13:56:42.294,2.402829534,1.70E-05,0.07511,2.488926649,19.57763672,,0.008902774
2026-05-29T13:57:02.300,2.401995408,1.73E-05,0.073965,2.488001347,19.59155273,,0.008809929
2026-05-29T13:57:22.307,2.401687684,1.73E-05,0.07308,2.487193823,19.60546875,,0.008309515
2026-05-29T13:57:42.311,2.402025796,1.70E-05,0.07638,2.486244917,19.62402344,,0.007023173
2026-05-29T13:58:02.317,2.401226097,1.70E-05,0.072395,2.485110998,19.64257813,,0.006687354
2026-05-29T13:58:22.322,2.401322261,1.71E-05,0.072895,2.484263182,19.65625,,0.005743566
2026-05-29T13:58:42.326,2.400801052,1.70E-05,0.07267,2.483304024,19.67480469,,0.005304574
2026-05-29T13:59:02.336,2.399899034,1.71E-05,0.07507,2.482345104,19.69287109,,0.005245868
2026-05-29T13:59:22.341,2.39854293,1.69E-05,0.074605,2.481355906,19.71606445,,0.005610061
2026-05-29T13:59:42.347,2.39711028,1.69E-05,0.07452,2.480279207,19.73461914,,0.005963148
2026-05-29T14:00:02.352,2.395725519,1.68E-05,0.072955,2.479313612,19.7578125,,0.006379544
2026-05-29T14:00:22.357,2.394600786,1.70E-05,0.074755,2.478351355,19.77612305,,0.006539771
2026-05-29T14:00:42.365,2.394571552,1.68E-05,0.075305,2.477338552,19.79443359,,0.005556144
2026-05-29T14:01:02.369,2.392436712,1.68E-05,0.0745,2.476261854,19.81762695,,0.006610015
2026-05-29T14:01:22.374,2.390735188,1.68E-05,0.07587,2.475184917,19.8359375,,0.0072312
2026-05-29T14:01:42.378,2.390898089,1.68E-05,0.075595,2.474185705,19.85913086,,0.006069412
2026-05-29T14:02:02.385,2.391148115,1.66E-05,0.07449,2.473082066,19.87768555,,0.004716246
2026-05-29T14:02:22.394,2.390046269,1.68E-05,0.07478,2.472082615,19.89624023,,0.004816438
2026-05-29T14:02:42.398,2.390128778,1.66E-05,0.074195,2.471049786,19.91455078,,0.003701265
2026-05-29T14:03:02.402,2.387960377,1.66E-05,0.07492,2.470053911,19.93261719,,0.004869455
2026-05-29T14:03:22.407,2.387340023,1.66E-05,0.07422,2.468903065,19.95581055,,0.004337721
2026-05-29T14:03:42.410,2.387032299,1.65E-05,0.075675,2.467930555,19.97875977,,0.003672321
2026-05-29T14:04:02.418,2.383979959,1.66E-05,0.073745,2.466911077,19.99707031,,0.005699078
2026-05-29T14:04:22.423,2.383474233,1.64E-05,0.07365,2.465753555,20.0246582,,0.005046271
2026-05-29T14:04:42.428,2.382993413,1.66E-05,0.07347,2.46473074,20.04321289,,0.004503313
2026-05-29T14:05:02.432,2.383252767,1.66E-05,0.075435,2.463664055,20.06591797,,0.003177793
2026-05-29T14:05:22.436,2.382474128,1.66E-05,0.074925,2.462516785,20.08447266,,0.002807605
2026-05-29T14:05:42.445,2.380248317,1.66E-05,0.074605,2.461443424,20.10742188,,0.003955604
2026-05-29T14:06:02.449,2.378858364,1.65E-05,0.075165,2.460407019,20.13061523,,0.004306372
2026-05-29T14:06:22.453,2.376588895,1.65E-05,0.07585,2.459411144,20.15356445,,0.005575427
2026-05-29T14:06:42.458,2.375024019,1.64E-05,0.066375,2.457944155,20.1862793,,0.005670184
2026-05-29T14:07:02.462,2.372953898,1.65E-05,0.025305,2.452089548,20.20825195,,0.001881558
2026-05-29T14:07:22.471,2.36062568,1.61E-05,0,2.443970442,20.23535156,,0.006066013
2026-05-29T14:07:42.475,2.350892735,1.61E-05,0,2.43568635,20.2578125,,0.0074954
2026-05-29T14:08:02.481,1.447645212,4.22E-06,0,0.984666884,20.28637695,,-0.542083037
2026-05-29T14:08:22.486,0.932571904,2.95E-06,0,0.988341153,20.31958008,,-0.024365608
2026-05-29T14:08:42.491,0.934017056,2.95E-06,0,0.988573313,20.34716797,,-0.025575709
2026-05-29T14:09:02.500,0.934148993,2.92E-06,0.00011,0.988714635,20.37524414,,-0.025566059
2026-05-29T14:09:22.503,0.933956665,2.95E-06,0.00518,0.988842487,20.39794922,,-0.025246264
2026-05-29T14:09:42.508,0.934667701,2.95E-06,0.009955,0.988889635,20.42553711,,-0.025908731
2026-05-29T14:10:02.512,0.93399513,2.90E-06,0.011725,0.988997281,20.44897461,,-0.02512986
2026-05-29T14:10:22.522,0.93364894,2.95E-06,0.013635,0.989091516,20.47192383,,-0.024690127
2026-05-29T14:10:42.534,0.934227559,2.95E-06,0.014045,0.98912853,20.49951172,,-0.025230573
2026-05-29T14:11:02.538,0.933148888,2.92E-06,0.01472,0.989104986,20.52246094,,-0.024177604
2026-05-29T14:11:22.546,0.933110422,2.95E-06,0.015485,0.989148676,20.54101563,,-0.024095525
2026-05-29T14:11:42.550,0.934074466,2.92E-06,0.014975,0.989199162,20.57324219,,-0.025007155
2026-05-29T14:12:02.555,0.933918199,2.95E-06,0.015485,0.989202559,20.59594727,,-0.024847804
2026-05-29T14:12:22.563,0.933225819,2.92E-06,0.015585,0.989300132,20.61938477,,-0.024059235
2026-05-29T14:12:42.568,0.932562672,2.95E-06,0.015775,0.989252985,20.63745117,,-0.023444562
2026-05-29T14:13:02.573,0.932533438,2.92E-06,0.015255,0.989165545,20.6652832,,-0.023502827
2026-05-29T14:13:22.578,0.932898861,2.92E-06,0.01556,0.989310205,20.68823242,,-0.023722859
2026-05-29T14:13:42.583,0.932524399,2.92E-06,0.017615,0.989236176,20.71606445,,-0.023423174
2026-05-29T14:14:02.619,0.932168015,2.92E-06,0.01791,0.989000678,20.73876953,,-0.023303001
2026-05-29T14:14:22.623,0.932964541,2.97E-06,0.018515,0.988923252,20.76147461,,-0.024175361
2026-05-29T14:14:42.628,0.932225714,2.92E-06,0.017515,0.988697827,20.78491211,,-0.023663436
2026-05-29T14:15:02.633,0.932379576,2.92E-06,0.01729,0.988559902,20.80322266,,-0.023954915
2026-05-29T14:15:22.638,0.932600946,2.95E-06,0.017755,0.988384902,20.82641602,,-0.024350841
2026-05-29T14:15:42.646,0.932571904,2.95E-06,0.017375,0.988263786,20.84008789,,-0.024442974
2026-05-29T14:16:02.651,1.260587111,3.77E-06,0.43981,3.453734875,20.90429688,,2.113668938
2026-05-29T14:16:22.656,3.104875741,2.81E-05,2.016485,3.145390272,20.86352539,,-0.035275718
2026-05-29T14:16:42.659,3.040562451,2.75E-05,0.1741,3.143236876,20.87670898,,0.02675555
2026-05-29T14:17:02.664,3.039639277,2.77E-05,0.14933,3.14080739,20.89086914,,0.025247392
2026-05-29T14:17:22.672,3.035696844,2.73E-05,0.13307,3.138102293,20.90380859,,0.026476843
2026-05-29T14:17:42.676,3.031773066,2.73E-05,0.13318,3.135699749,20.91772461,,0.027990229
2026-05-29T14:18:02.681,3.027464922,2.71E-05,0.121285,3.133048296,20.93115234,,0.029638304
2026-05-29T14:18:22.689,3.024559328,2.69E-05,0.130845,3.13073349,20.93994141,,0.03022328
2026-05-29T14:18:42.693,2.975671022,2.49E-05,0.02461,3.017119646,20.95605469,,-0.034600034
2026-05-29T14:19:02.701,2.754743981,2.13E-05,0.064775,2.797738791,20.97143555,,-0.033495703
2026-05-29T14:19:22.708,1.925294206,8.93E-06,0.00821,1.767308235,20.99047852,,-0.236135382
2026-05-29T14:19:42.712,1.690574563,8.67E-06,0,1.7576648,21.00830078,,-0.011528614
2026-05-29T14:20:02.718,1.686411722,8.67E-06,0.011135,1.756968379,21.02661133,,-0.00807052
2026-05-29T14:20:22.722,1.686266418,8.73E-06,0.0265,1.75632906,21.03564453,,-0.008564826
2026-05-29T14:20:42.730,1.684631631,8.73E-06,0.035245,1.755538344,21.04931641,,-0.007724024
2026-05-29T14:21:02.735,1.684574606,8.67E-06,0.038885,1.754714012,21.05834961,,-0.008491445
2026-05-29T14:21:22.740,1.683708457,8.73E-06,0.039525,1.754084706,21.0625,,-0.008256334
2026-05-29T14:21:42.744,1.682842982,8.73E-06,0.04159,1.753277183,21.07177734,,-0.008200113
2026-05-29T14:22:02.749,1.679611874,8.73E-06,0.052585,1.752143264,21.07641602,,-0.006109386
2026-05-29T14:22:22.758,1.677628011,8.80E-06,0.048995,1.75111711,21.07592773,,-0.005155645
2026-05-29T14:22:42.763,1.677227008,8.80E-06,0.04802,1.749922633,21.0715332,,-0.005949921
2026-05-29T14:23:02.767,1.677477034,8.73E-06,0.04379,1.748818994,21.06689453,,-0.007303086
2026-05-29T14:23:22.772,1.67684341,8.73E-06,0.046195,1.7477355,21.06201172,,-0.007754223
2026-05-29T14:23:42.777,1.675419126,8.67E-06,0.042835,1.746716022,21.04833984,,-0.007352265
2026-05-29T14:24:02.784,1.673111191,8.73E-06,0.040935,1.745662808,21.03417969,,-0.00610216
2026-05-29T14:24:22.791,1.670681417,8.60E-06,0.04094,1.744693756,21.02050781,,-0.004646298
2026-05-29T14:24:42.796,1.669995479,8.73E-06,0.041665,1.74375844,21.00170898,,-0.004897048
2026-05-29T14:25:02.803,1.67020704,8.73E-06,0.044535,1.742695093,20.98803711,,-0.006171533
2026-05-29T14:25:22.807,1.670145591,8.73E-06,0.045715,1.741816878,20.97387695,,-0.006988422
2026-05-29T14:25:42.814,1.668322227,8.60E-06,0.04424,1.7408849,20.96459961,,-0.006100682
2026-05-29T14:26:02.819,1.668283761,8.67E-06,0.045235,1.73986876,20.94628906,,-0.007078433
2026-05-29T14:26:22.823,1.668346748,8.67E-06,0.0488,1.738869429,20.93237305,,-0.008140626
2026-05-29T14:26:42.827,1.666841302,8.67E-06,0.04243,1.738021493,20.9140625,,-0.007486126
2026-05-29T14:27:02.832,1.665206515,8.67E-06,0.0422,1.73708272,20.89526367,,-0.006793382
2026-05-29T14:27:22.842,1.664232374,8.60E-06,0.0455,1.736197829,20.87695313,,-0.00670608
2026-05-29T14:27:42.846,1.663417866,8.60E-06,0.043085,1.73525238,20.86328125,,-0.00683865
2026-05-29T14:28:02.850,1.663110141,8.67E-06,0.041675,1.734347224,20.84936523,,-0.007436696
2026-05-29T14:28:22.854,1.663486046,8.54E-06,0.040385,1.733405113,20.83056641,,-0.008753961
2026-05-29T14:28:42.858,1.662379295,8.60E-06,0.041185,1.73261106,20.80761719,,-0.008443476
2026-05-29T14:29:02.867,1.662148502,8.60E-06,0.04315,1.73204577,20.79833984,,-0.008778435
2026-05-29T14:29:22.872,1.662414395,8.54E-06,0.041115,1.7314502,20.79394531,,-0.009639366
2026-05-29T14:29:42.877,1.661802311,8.54E-06,0.0401,1.73098588,20.78930664,,-0.009492827
2026-05-29T14:30:02.881,1.661323607,8.47E-06,0.03944,1.730551839,20.79345703,,-0.009449121
2026-05-29T14:30:22.885,1.662956279,8.47E-06,0.03941,1.73005712,20.7980957,,-0.011573246
2026-05-29T14:30:42.892,1.662263898,8.54E-06,0.03784,1.729670286,20.80273438,,-0.011269084
2026-05-29T14:31:02.897,1.661897706,8.41E-06,0.03769,1.729158759,20.80737305,,-0.011415151
2026-05-29T14:31:22.901,1.66186001,8.41E-06,0.037735,1.728818893,20.81665039,,-0.011717396
2026-05-29T14:31:42.906,1.662994744,8.47E-06,0.036945,1.728304148,20.83032227,,-0.013364607
2026-05-29T14:32:02.911,1.661955116,8.35E-06,0.03718,1.727957606,20.8347168,,-0.012673599
2026-05-29T14:32:22.919,1.66186001,8.41E-06,0.036365,1.727476478,20.84863281,,-0.013059812
2026-05-29T14:32:42.926,1.662283131,8.41E-06,0.03681,1.727049112,20.8581543,,-0.013909453
2026-05-29T14:33:02.930,1.661974253,8.41E-06,0.037225,1.726678967,20.87158203,,-0.013971337
2026-05-29T14:33:22.935,1.661648449,8.41E-06,0.036745,1.726255059,20.88500977,,-0.014070093
2026-05-29T14:33:42.940,1.65937898,8.35E-06,0.037115,1.72584784,20.89868164,,-0.012212382
2026-05-29T14:34:02.947,1.657840742,8.35E-06,0.038305,1.725376844,20.91723633,,-0.011148216
2026-05-29T14:34:22.952,1.658244246,8.29E-06,0.03783,1.724942803,20.93139648,,-0.011984954
2026-05-29T14:34:42.959,1.65688391,8.35E-06,0.03719,1.724374175,20.94482422,,-0.011195968
2026-05-29T14:35:02.963,1.65807115,8.29E-06,0.03688,1.72399056,20.95874023,,-0.012764449
2026-05-29T14:35:22.967,1.6575134,8.29E-06,0.037585,1.723519444,20.97680664,,-0.012678928
2026-05-29T14:35:42.977,1.65699873,8.35E-06,0.03692,1.723109007,20.99511719,,-0.012575726
2026-05-29T14:36:02.984,1.657782659,8.35E-06,0.037185,1.722631216,21.0090332,,-0.013835877
2026-05-29T14:36:22.988,1.65807115,8.35E-06,0.037365,1.722143292,21.02246094,,-0.014611716
2026-05-29T14:36:42.994,1.657572829,8.35E-06,0.0376,1.721742868,21.03637695,,-0.014514815
2026-05-29T14:37:02.998,1.657455701,8.29E-06,0.03688,1.721204519,21.05883789,,-0.014936271
2026-05-29T14:37:23.007,1.656455596,8.29E-06,0.03782,1.720740199,21.07324219,,-0.014402486
2026-05-29T14:37:43.011,1.656878718,8.29E-06,0.04045,1.720090866,21.09106445,,-0.015474094
2026-05-29T14:38:03.016,1.65575485,8.41E-06,0.040555,1.719333768,21.10058594,,-0.015109572
2026-05-29T14:38:23.020,1.656320967,8.35E-06,0.03931,1.718606949,21.11450195,,-0.016401376
2026-05-29T14:38:43.024,1.654647714,8.35E-06,0.040985,1.717886925,21.12768555,,-0.015451494
2026-05-29T14:39:03.035,1.653458455,8.35E-06,0.04194,1.717076063,21.13208008,,-0.015075475
2026-05-29T14:39:23.039,1.651993589,8.35E-06,0.042975,1.716265082,21.14111328,,-0.01442452
2026-05-29T14:39:43.044,1.652012822,8.35E-06,0.043015,1.715605617,21.15551758,,-0.01510318
2026-05-29T14:40:03.048,1.651736158,8.35E-06,0.04275,1.714868784,21.15991211,,-0.015563902
2026-05-29T14:40:23.055,1.651012717,8.35E-06,0.04144,1.714172244,21.16870117,,-0.015538448
2026-05-29T14:40:43.063,1.650993484,8.29E-06,0.040395,1.713610291,21.18286133,,-0.016081206
2026-05-29T14:41:03.067,1.650951557,8.41E-06,0.038775,1.713169575,21.19677734,,-0.016480079
2026-05-29T14:41:23.072,1.648762481,8.35E-06,0.03909,1.712664843,21.20556641,,-0.014800113
2026-05-29T14:41:43.077,1.646262218,8.29E-06,0.04192,1.711863995,21.21459961,,-0.013105699
2026-05-29T14:42:03.083,1.645172296,8.29E-06,0.039535,1.711150765,21.22363281,,-0.012731186
2026-05-29T14:42:23.091,1.644838992,8.35E-06,0.03965,1.71047771,21.23291016,,-0.013071604
2026-05-29T14:42:43.095,1.645012087,8.35E-06,0.041935,1.709680319,21.2421875,,-0.014041744
2026-05-29T14:43:03.099,1.644713017,8.29E-06,0.043875,1.708889604,21.24169922,,-0.014533988
2026-05-29T14:43:23.105,1.645185182,8.29E-06,0.03993,1.708263755,21.25146484,,-0.015631057
2026-05-29T14:43:43.144,1.644492802,8.29E-06,0.039865,1.707557201,21.2512207,,-0.015646615
2026-05-29T14:44:03.152,1.64486611,8.29E-06,0.03938,1.706803441,21.25073242,,-0.016772937
2026-05-29T14:44:23.158,1.643396533,8.29E-06,0.041065,1.706026196,21.26000977,,-0.016083543
2026-05-29T14:44:43.162,1.64197648,8.35E-06,0.04227,1.705326319,21.25976563,,-0.015366208
2026-05-29T14:45:03.167,1.63937688,8.35E-06,0.04048,1.70465672,21.26416016,,-0.013441406
2026-05-29T14:45:23.173,1.638703732,8.29E-06,0.04001,1.703903079,21.26416016,,-0.013523246
2026-05-29T14:45:43.181,1.638455341,8.29E-06,0.041185,1.703250289,21.2644043,,-0.013928141
2026-05-29T14:46:03.186,1.637434368,8.29E-06,0.04133,1.702536941,21.26416016,,-0.013622559
2026-05-29T14:46:23.191,1.637203575,8.22E-06,0.03936,1.702012062,21.26855469,,-0.013917106
2026-05-29T14:46:43.196,1.637709013,8.29E-06,0.03923,1.701477051,21.27783203,,-0.014956544
2026-05-29T14:47:03.200,1.6375113,8.10E-06,0.03892,1.700962305,21.28686523,,-0.015273972
2026-05-29T14:47:23.209,1.638126749,8.16E-06,0.03812,1.700454235,21.29589844,,-0.01639626
2026-05-29T14:47:43.214,1.63703048,8.10E-06,0.03952,1.699821591,21.30053711,,-0.015934828
2026-05-29T14:48:03.220,1.634628016,8.16E-06,0.04,1.699047804,21.30932617,,-0.014310956
2026-05-29T14:48:23.229,1.634645614,8.22E-06,0.04029,1.698320985,21.31420898,,-0.015055338
2026-05-29T14:48:43.232,1.632491542,8.22E-06,0.0388,1.697634578,21.31860352,,-0.013591981
2026-05-29T14:49:03.239,1.629556811,8.16E-06,0.04113,1.696931362,21.32348633,,-0.011366335
2026-05-29T14:49:23.244,1.627875673,8.22E-06,0.040515,1.696170926,21.32739258,,-0.010448995
2026-05-29T14:49:43.248,1.628106466,8.22E-06,0.039295,1.695602298,21.32763672,,-0.011247955
2026-05-29T14:50:03.253,1.627222142,8.10E-06,0.038645,1.694787979,21.32788086,,-0.011179719
2026-05-29T14:50:23.259,1.626606309,8.10E-06,0.03925,1.694212675,21.32763672,,-0.011140421
2026-05-29T14:50:43.270,1.625518983,8.22E-06,0.04163,1.693388224,21.32714844,,-0.010879721
2026-05-29T14:51:03.274,1.624317607,8.22E-06,0.047915,1.692526937,21.32714844,,-0.010542035
2026-05-29T14:51:23.279,1.619663272,8.16E-06,0.04522,1.691544414,21.32250977,,-0.006879532
2026-05-29T14:51:43.284,1.619240151,8.22E-06,0.04546,1.690494537,21.31811523,,-0.007507133
2026-05-29T14:52:03.288,1.618227929,8.29E-06,0.047495,1.689377546,21.30908203,,-0.007613927
2026-05-29T14:52:23.297,1.618663167,8.10E-06,0.042715,1.688502669,21.30371094,,-0.008923171
2026-05-29T14:52:43.302,1.618342749,8.22E-06,0.04399,1.687489867,21.2902832,,-0.009616196
2026-05-29T14:53:03.306,1.617278406,8.10E-06,0.04261,1.686510682,21.27197266,,-0.009533167
2026-05-29T14:53:23.310,1.616162904,8.22E-06,0.03953,1.685632586,21.25756836,,-0.009297992
2026-05-29T14:53:43.315,1.613520319,8.22E-06,0.047075,1.684677005,21.23925781,,-0.007616274
2026-05-29T14:54:03.322,1.610912353,8.10E-06,0.03956,1.683781981,21.2253418,,-0.005908547
2026-05-29T14:54:23.326,1.610931586,8.16E-06,0.04187,1.682971001,21.20703125,,-0.006738722
2026-05-29T14:54:43.332,1.610439323,8.10E-06,0.03916,1.68212986,21.18823242,,-0.007088584
2026-05-29T14:55:03.336,1.610219973,8.10E-06,0.04363,1.681187749,21.17480469,,-0.007811784
2026-05-29T14:55:23.343,1.610527697,8.10E-06,0.045005,1.680383563,21.16064453,,-0.008923079
2026-05-29T14:55:43.352,1.610123809,8.16E-06,0.041705,1.679616451,21.14697266,,-0.00928711
2026-05-29T14:56:03.356,1.609597311,8.16E-06,0.03849,1.678630471,21.12866211,,-0.009747645
2026-05-29T14:56:23.360,1.609335264,8.04E-06,0.04152,1.677829742,21.11035156,,-0.010286852
2026-05-29T14:56:43.364,1.605315612,8.10E-06,0.04168,1.677079439,21.09594727,,-0.007025541
2026-05-29T14:57:03.370,1.6041051,8.04E-06,0.042,1.676433325,21.08227539,,-0.006463565
2026-05-29T14:57:23.380,1.604411671,7.98E-06,0.03866,1.675837755,21.07788086,,-0.007365092
2026-05-29T14:57:43.385,1.603815454,7.98E-06,0.04047,1.675420523,21.07324219,,-0.007187301
2026-05-29T14:58:03.390,1.604602652,7.86E-06,0.03809,1.674841881,21.07275391,,-0.008551566
2026-05-29T14:58:23.394,1.604930956,7.92E-06,0.03662,1.674431324,21.07299805,,-0.00928977
2026-05-29T14:58:43.400,1.604161644,7.80E-06,0.03651,1.674115062,21.07763672,,-0.008838259
2026-05-29T14:59:03.408,1.604679199,7.80E-06,0.03533,1.673600197,21.08203125,,-0.009869643
2026-05-29T14:59:23.412,1.604527067,7.86E-06,0.03586,1.673156142,21.09106445,,-0.010161871
2026-05-29T14:59:43.417,1.604257808,7.86E-06,0.03509,1.672792673,21.09106445,,-0.01025662
2026-05-29T15:00:03.421,1.603741504,7.80E-06,0.03424,1.672341824,21.10473633,,-0.010192198
2026-05-29T15:00:23.425,1.603065375,7.86E-06,0.03487,1.672089458,21.11401367,,-0.009769787
2026-05-29T15:00:43.433,1.603661592,7.80E-06,0.03444,1.671712637,21.12329102,,-0.010741632
2026-05-29T15:01:03.437,1.603243952,7.80E-06,0.035485,1.671315551,21.13256836,,-0.010721913
2026-05-29T15:01:23.442,1.60171908,7.86E-06,0.03622,1.670804143,21.14160156,,-0.009711499
2026-05-29T15:01:43.446,1.601680615,7.80E-06,0.035655,1.670427322,21.15087891,,-0.010049931
2026-05-29T15:02:03.451,1.600832737,7.80E-06,0.03501,1.670040369,21.16381836,,-0.009590703
2026-05-29T15:02:23.460,1.599988129,7.75E-06,0.034595,1.669562578,21.17822266,,-0.009225575
2026-05-29T15:02:43.465,1.599161119,7.80E-06,0.0354,1.669152021,21.19189453,,-0.008810776
2026-05-29T15:03:03.469,1.598344976,7.75E-06,0.03536,1.668707967,21.20092773,,-0.008440319
2026-05-29T15:03:23.473,1.598084083,7.80E-06,0.03448,1.668193102,21.2097168,,-0.008694813
2026-05-29T15:03:43.477,1.598237946,7.75E-06,0.034405,1.667812943,21.22363281,,-0.009228526
2026-05-29T15:04:03.485,1.597334004,7.75E-06,0.034565,1.66742599,21.23754883,,-0.008713346
2026-05-29T15:04:23.490,1.597598648,7.86E-06,0.035725,1.666880846,21.25097656,,-0.009522604
2026-05-29T15:04:43.494,1.597007047,7.75E-06,0.035485,1.666463614,21.26049805,,-0.009349419
2026-05-29T15:05:03.499,1.59639304,7.75E-06,0.03539,1.666069984,21.27880859,,-0.00913027
2026-05-29T15:05:23.503,1.596103106,7.75E-06,0.03474,1.665514827,21.29248047,,-0.009396073
2026-05-29T15:05:43.513,1.596218503,7.80E-06,0.03837,1.664811492,21.30615234,,-0.010214574
2026-05-29T15:06:03.517,1.59350341,7.75E-06,0.037625,1.664242864,21.31518555,,-0.00807354
2026-05-29T15:06:23.521,1.591121814,7.75E-06,0.038885,1.663506031,21.32470703,,-0.006433539
2026-05-29T15:06:43.526,1.590564063,7.86E-06,0.03917,1.662742257,21.33349609,,-0.006640678
2026-05-29T15:07:03.530,1.591283562,7.75E-06,0.03829,1.662028909,21.3425293,,-0.008072086
2026-05-29T15:07:23.539,1.590967951,7.80E-06,0.038985,1.661265135,21.34277344,,-0.008520881
2026-05-29T15:07:43.544,1.59102565,7.80E-06,0.037955,1.660450816,21.34228516,,-0.009392782
2026-05-29T15:08:03.548,1.590173637,7.86E-06,0.040045,1.659693837,21.34692383,,-0.009299453
2026-05-29T15:08:23.553,1.589467794,7.80E-06,0.0393,1.658899665,21.34692383,,-0.009389194
2026-05-29T15:08:43.557,1.58937163,7.86E-06,0.04023,1.658186436,21.34643555,,-0.010006451
2026-05-29T15:09:03.563,1.587217558,7.75E-06,0.041635,1.65755713,21.34667969,,-0.008485993
2026-05-29T15:09:23.567,1.586097536,7.75E-06,0.04124,1.656978488,21.35131836,,-0.007946853
2026-05-29T15:09:43.571,1.585198115,7.69E-06,0.0385,1.656312227,21.35546875,,-0.007715491
2026-05-29T15:10:03.576,1.585332744,7.69E-06,0.03704,1.655824304,21.36450195,,-0.008337775
2026-05-29T15:10:23.580,1.583590638,7.75E-06,0.03683,1.655309558,21.36938477,,-0.007113899
2026-05-29T15:10:43.588,1.584255708,7.69E-06,0.03949,1.654438019,21.3737793,,-0.008649178
2026-05-29T15:11:03.592,1.584524967,7.75E-06,0.039275,1.653859377,21.3828125,,-0.009496541
2026-05-29T15:11:23.596,1.584911066,7.75E-06,0.03974,1.653024912,21.37841797,,-0.010716332
2026-05-29T15:11:43.602,1.584448036,7.75E-06,0.03784,1.652234197,21.37817383,,-0.011044943
2026-05-29T15:12:03.609,1.583313302,7.69E-06,0.039245,1.65160501,21.37792969,,-0.010541665
