timestamp,upstream_pressure_bar,vacuum_chamber_pressure_mbar,elflow_mln_min
2026-04-28T14:47:50.266,4.951214260766283,5.128041745460836e-12,0.27297
2026-04-28T14:48:10.270,4.944142191738133,5.855973069870706e-05,0.252195
2026-04-28T14:48:30.274,4.935062643485144,5.725816899575477e-05,0.24352999999999997
2026-04-28T14:48:50.279,4.926866416432731,5.640657273771128e-05,0.23935499999999998
2026-04-28T14:49:10.283,4.916797730484977,5.725816899575477e-05,0.23066499999999998
2026-04-28T14:49:30.291,4.908471792891303,5.4332583330765826e-05,0.232095
2026-04-28T14:49:50.295,4.901023487439379,5.515286760631413e-05,0.238225
2026-04-28T14:50:10.300,4.8950835411178515,5.4332583330765826e-05,0.23226999999999998
2026-04-28T14:50:30.305,4.887041772012599,5.7688776415506866e-05,0.239365
2026-04-28T14:50:50.309,4.8792110669898365,5.683077576707184e-05,0.230445
2026-04-28T14:51:10.319,4.869550476195291,5.725816899575477e-05,0.2298
2026-04-28T14:51:30.323,4.8618784010961615,5.7688776415506866e-05,0.23041499999999998
2026-04-28T14:51:50.327,4.854097001249902,5.640657273771128e-05,0.23127
2026-04-28T14:52:10.331,4.846631723439143,5.640657273771128e-05,0.23041499999999998
2026-04-28T14:52:30.335,4.838001990104094,5.640657273771128e-05,0.226815
2026-04-28T14:52:50.342,4.830512723428614,5.640657273771128e-05,0.2277
2026-04-28T14:53:10.347,4.822206697540835,5.640657273771128e-05,0.22371
2026-04-28T14:53:30.351,4.815265192412771,5.474118901842345e-05,0.2237
2026-04-28T14:53:50.355,4.807718561060783,5.683077576707184e-05,0.223225
2026-04-28T14:54:10.359,4.798736200896092,5.5567642204042615e-05,0.22223500000000002
2026-04-28T14:54:30.367,4.790272113990563,5.5567642204042615e-05,0.222005
2026-04-28T14:54:50.371,4.783697837609798,5.4332583330765826e-05,0.220715
2026-04-28T14:55:10.376,4.774854764568727,5.474118901842345e-05,0.22142
2026-04-28T14:55:30.380,4.7662254105042665,5.474118901842345e-05,0.21969500000000003
2026-04-28T14:55:50.384,4.75979772220595,5.683077576707184e-05,0.21796500000000002
2026-04-28T14:56:10.392,4.752130482806824,5.515286760631413e-05,0.21832
2026-04-28T14:56:30.396,4.745063059843384,5.5567642204042615e-05,0.21402000000000002
2026-04-28T14:56:50.400,4.737318544061854,5.598553609500801e-05,0.215435
2026-04-28T14:57:10.405,4.730536996304483,5.598553609500801e-05,0.22679
2026-04-28T14:57:30.409,4.721223532916047,5.474118901842345e-05,0.21960000000000002
2026-04-28T14:57:50.417,4.7149300115884065,5.598553609500801e-05,0.22092499999999998
2026-04-28T14:58:10.421,4.706921049389057,5.5567642204042615e-05,0.216605
2026-04-28T14:58:30.425,4.697293929223945,5.598553609500801e-05,0.21848499999999998
2026-04-28T14:58:50.430,4.6887693486595525,5.515286760631413e-05,0.21498
2026-04-28T14:59:10.434,4.6810801115662946,5.474118901842345e-05,0.21456
2026-04-28T14:59:30.442,4.673410217273049,5.4332583330765826e-05,0.213575
2026-04-28T14:59:50.446,4.666895391557029,5.515286760631413e-05,0.215305
2026-04-28T15:00:10.451,4.661239898176864,5.474118901842345e-05,0.2142
2026-04-28T15:00:30.455,4.6519521303707965,5.515286760631413e-05,0.212885
2026-04-28T15:00:50.459,4.645918504213914,5.474118901842345e-05,0.209065
2026-04-28T15:01:10.467,4.638544915067921,5.474118901842345e-05,0.20775000000000002
2026-04-28T15:01:30.471,4.630030290356477,5.4332583330765826e-05,0.206085
2026-04-28T15:01:50.475,4.624276091805659,5.392702760623432e-05,0.20891500000000002
2026-04-28T15:02:10.479,4.617305762112871,5.474118901842345e-05,0.20482499999999998
2026-04-28T15:02:30.483,4.610011345702223,5.4332583330765826e-05,0.20393
2026-04-28T15:02:50.491,4.603481349162664,5.4332583330765826e-05,0.206865
2026-04-28T15:03:10.495,4.5974825210822745,5.4332583330765826e-05,0.20398999999999998
2026-04-28T15:03:30.500,4.591629143272569,5.392702760623432e-05,0.20437
2026-04-28T15:03:50.504,4.583821573755704,5.4332583330765826e-05,0.20481500000000002
2026-04-28T15:04:10.508,4.577975402087179,5.392702760623432e-05,0.20249999999999999
2026-04-28T15:04:30.516,4.571462567541748,5.3524499078931764e-05,0.20115500000000003
2026-04-28T15:04:50.520,4.56185640207665,5.3524499078931764e-05,0.203645
2026-04-28T15:05:10.524,4.556254385849461,5.3124975152893e-05,0.20099
2026-04-28T15:05:30.528,4.549397363244982,5.3124975152893e-05,0.20048
2026-04-28T15:05:50.533,4.541536790663376,5.3524499078931764e-05,0.201555
2026-04-28T15:06:10.540,4.534567883235295,5.3524499078931764e-05,0.199685
2026-04-28T15:06:30.544,4.528668329231441,5.2728433400816037e-05,0.19836
2026-04-28T15:06:50.548,4.523436291463318,5.3124975152893e-05,0.197895
2026-04-28T15:07:10.552,4.515403624852188,5.3124975152893e-05,0.19863
2026-04-28T15:07:30.556,4.509725659689655,5.233485156280374e-05,0.19958499999999998
2026-04-28T15:07:50.565,4.5025729008438065,5.233485156280374e-05,0.20302000000000003
2026-04-28T15:08:10.570,4.494782398503424,5.194420754511396e-05,0.19827
2026-04-28T15:08:30.574,4.488808886734816,5.1556479418918924e-05,0.19624000000000003
2026-04-28T15:08:50.578,4.48240224795416,5.2728433400816037e-05,0.19261999999999999
2026-04-28T15:09:10.582,4.476710154962206,5.3124975152893e-05,0.19616499999999998
2026-04-28T15:09:30.590,4.471439526411705,5.1556479418918924e-05,0.19741999999999998
2026-04-28T15:09:50.594,4.4639476996597525,5.233485156280374e-05,0.197615
2026-04-28T15:10:10.598,4.457665366814472,5.194420754511396e-05,0.20273
2026-04-28T15:10:30.602,4.451450733769236,5.194420754511396e-05,0.19438
2026-04-28T15:10:50.607,4.443457226846367,5.194420754511396e-05,0.19513
2026-04-28T15:11:10.615,4.438517606701964,5.1556479418918924e-05,0.19714
2026-04-28T15:11:30.620,4.430796321243979,5.1556479418918924e-05,0.193945
2026-04-28T15:11:50.624,4.4230812937507045,5.233485156280374e-05,0.19159500000000002
2026-04-28T15:12:10.628,4.415739089245908,5.117164541907498e-05,0.194415
2026-04-28T15:12:30.632,4.411399759625426,5.117164541907498e-05,0.19199
2026-04-28T15:12:50.648,4.403097052355297,5.078968394290032e-05,0.18836
2026-04-28T15:13:10.652,4.395015270202959,5.1556479418918924e-05,0.18649
2026-04-28T15:13:30.656,4.389605923434719,5.078968394290032e-05,0.18631
2026-04-28T15:13:50.661,4.383314772548257,5.041057354896255e-05,0.18885000000000002
2026-04-28T15:14:10.665,4.374907196960412,5.117164541907498e-05,0.18706499999999998
2026-04-28T15:14:30.672,4.368845599597629,5.041057354896255e-05,0.182085
2026-04-28T15:14:50.676,4.363194467829231,5.0034292955874656e-05,0.18391
2026-04-28T15:15:10.680,4.355981879048049,5.0034292955874656e-05,0.183395
2026-04-28T15:15:30.684,4.350242377232536,4.966082104110098e-05,0.181455
2026-04-28T15:15:50.688,4.344490833575837,4.966082104110098e-05,0.18124
2026-04-28T15:16:10.698,4.3401158525200385,5.0034292955874656e-05,0.180025
2026-04-28T15:16:30.703,4.333075262950733,4.966082104110098e-05,0.18065
2026-04-28T15:16:50.707,4.327675777217794,4.966082104110098e-05,0.1805
2026-04-28T15:17:10.711,4.319244497218169,5.0034292955874656e-05,0.17901499999999998
2026-04-28T15:17:30.716,4.314477160738584,4.892221954350325e-05,0.18028
2026-04-28T15:17:50.724,4.306130742533132,4.892221954350325e-05,0.180045
2026-04-28T15:18:10.728,4.3015061066124645,4.9290136839771127e-05,0.187575
2026-04-28T15:18:30.732,4.295318970684893,4.966082104110098e-05,0.18411
2026-04-28T15:18:50.736,4.286202538367173,4.9290136839771127e-05,0.18240499999999998
2026-04-28T15:19:10.742,4.282035397593863,4.892221954350325e-05,0.176405
2026-04-28T15:19:30.750,4.276076013654676,4.9290136839771127e-05,0.175765
2026-04-28T15:19:50.754,4.270506614698097,4.9290136839771127e-05,0.17587
2026-04-28T15:20:10.759,4.264072099529188,4.8557048499235596e-05,0.182055
2026-04-28T15:20:30.763,4.258128739772364,4.819460320806779e-05,0.17576
2026-04-28T15:20:50.767,4.251518243050399,4.747780865333929e-05,0.17862
2026-04-28T15:21:10.775,4.244562136004679,4.892221954350325e-05,0.17423
2026-04-28T15:21:30.779,4.238205845394645,4.747780865333929e-05,0.17246
2026-04-28T15:21:50.784,4.232806928567588,4.892221954350325e-05,0.17716
2026-04-28T15:22:10.788,4.228268955976389,4.783486332410964e-05,0.176505
2026-04-28T15:22:30.793,4.219981893618034,4.712341915246919e-05,0.17484
2026-04-28T15:22:50.800,4.216410018033348,4.819460320806779e-05,0.171685
2026-04-28T15:23:10.805,4.210215675964596,4.712341915246919e-05,0.17119
2026-04-28T15:23:30.810,4.204975578696467,4.6771674927821595e-05,0.168065
2026-04-28T15:23:50.814,4.199406464192829,4.783486332410964e-05,0.1704
2026-04-28T15:24:10.819,4.191937298858538,4.712341915246919e-05,0.17061500000000002
2026-04-28T15:24:30.830,4.188047310067762,4.6771674927821595e-05,0.169375
2026-04-28T15:24:50.836,4.183427509847097,4.6422556234211486e-05,0.16908499999999999
2026-04-28T15:25:10.842,4.17524692770646,4.607604347383793e-05,0.166885
2026-04-28T15:25:30.848,4.171049634921364,4.712341915246919e-05,0.16778500000000002
2026-04-28T15:25:50.855,4.1650824759351135,4.6422556234211486e-05,0.16689
2026-04-28T15:26:10.868,4.161030348967761,4.712341915246919e-05,0.16531500000000002
2026-04-28T15:26:30.874,4.153059598280201,4.6771674927821595e-05,0.16782
2026-04-28T15:26:50.881,4.149218535395339,4.573211719518451e-05,0.16535
2026-04-28T15:27:10.888,4.143862286509488,4.6771674927821595e-05,0.17313499999999998
2026-04-28T15:27:30.894,4.13859545066487,4.607604347383793e-05,0.172085
2026-04-28T15:27:50.905,4.13218075238421,4.5390758091927026e-05,0.16451
2026-04-28T15:28:10.911,4.1254628272680565,4.5051947001849944e-05,0.16260000000000002
2026-04-28T15:28:30.917,4.120461291200083,4.573211719518451e-05,0.16655999999999999
2026-04-28T15:28:50.923,4.116217158497311,4.5051947001849944e-05,0.16546
2026-04-28T15:29:10.929,4.108172924133233,4.573211719518451e-05,0.164095
2026-04-28T15:29:30.938,4.103461909336038,4.5051947001849944e-05,0.167665
2026-04-28T15:29:50.944,4.098710122950581,4.573211719518451e-05,0.16514
2026-04-28T15:30:10.949,4.091788434710765,4.4715664905770336e-05,0.165215
2026-04-28T15:30:30.955,4.0858574012480675,4.4715664905770336e-05,0.1639
2026-04-28T15:30:50.960,4.079746593526429,4.438189292647078e-05,0.168245
2026-04-28T15:31:10.969,4.075856984006241,4.438189292647078e-05,0.162005
2026-04-28T15:31:30.975,4.068747746460421,4.5051947001849944e-05,0.16229
2026-04-28T15:31:50.980,4.065554667375982,4.5390758091927026e-05,0.15827
2026-04-28T15:32:10.986,4.05947458057201,4.438189292647078e-05,0.16471
2026-04-28T15:32:30.992,4.054214571597986,4.372180451281803e-05,0.161135
2026-04-28T15:32:51.002,4.049234274682968,4.5051947001849944e-05,0.15984
2026-04-28T15:33:11.007,4.042327283178456,4.438189292647078e-05,0.16277
2026-04-28T15:33:31.013,4.037021761733814,4.405061232763936e-05,0.15868
2026-04-28T15:33:51.018,4.031006056112237,4.405061232763936e-05,0.15819
2026-04-28T15:34:11.024,4.025245409961416,4.4715664905770336e-05,0.162385
2026-04-28T15:34:31.033,4.020156546840444,4.438189292647078e-05,0.15942499999999998
2026-04-28T15:34:51.038,4.015820535837612,4.2750033883771876e-05,0.15794999999999998
2026-04-28T15:35:11.043,4.008728175832979,4.405061232763936e-05,0.152645
2026-04-28T15:35:31.048,4.00492949643638,4.2750033883771876e-05,0.157265
2026-04-28T15:35:51.053,3.9995877546505376,4.2750033883771876e-05,0.15253999999999998
2026-04-28T15:36:11.062,3.9962121515953912,4.2750033883771876e-05,0.15284999999999999
2026-04-28T15:36:31.068,3.989025068761285,4.372180451281803e-05,0.15735000000000002
2026-04-28T15:36:51.074,3.9861739969300105,4.307153354238601e-05,0.152045
2026-04-28T15:37:11.079,3.97996050169654,4.2430934001111646e-05,0.149095
2026-04-28T15:37:31.084,3.974992056987412,4.372180451281803e-05,0.150815
2026-04-28T15:37:51.093,3.972626261874102,4.2114215981712316e-05,0.150425
2026-04-28T15:38:11.098,3.9666670675702096,4.2430934001111646e-05,0.15272999999999998
2026-04-28T15:38:31.103,3.9599087501363828,4.2114215981712316e-05,0.150715
2026-04-28T15:38:51.108,3.955288949915718,4.2430934001111646e-05,0.154065
2026-04-28T15:39:11.113,3.95166312308982,4.148785454945755e-05,0.148135
2026-04-28T15:39:31.121,3.9438729052023787,4.17998620465872e-05,0.14817
2026-04-28T15:39:51.126,3.9394550665700807,4.17998620465872e-05,0.14902500000000002
2026-04-28T15:40:11.131,3.934997973431875,4.2430934001111646e-05,0.152335
2026-04-28T15:40:31.136,3.930617398134896,4.148785454945755e-05,0.15067
2026-04-28T15:40:51.141,3.924001591624692,4.2114215981712316e-05,0.148795
2026-04-28T15:41:11.149,3.917551526361655,4.1178175975762145e-05,0.147395
2026-04-28T15:41:31.154,3.9134917191648855,4.087080894167379e-05,0.14369
2026-04-28T15:41:51.159,3.9105160569452946,4.17998620465872e-05,0.14682
2026-04-28T15:42:11.164,3.9046422933414577,4.1178175975762145e-05,0.14597
2026-04-28T15:42:31.169,3.900579167527039,4.1178175975762145e-05,0.1467
2026-04-28T15:42:51.177,3.893335099287013,4.1178175975762145e-05,0.14799
2026-04-28T15:43:11.182,3.890490759508684,4.087080894167379e-05,0.147705
2026-04-28T15:43:31.187,3.8841377875162992,4.056573619312397e-05,0.14894000000000002
2026-04-28T15:43:51.192,3.8810186661966144,4.056573619312397e-05,0.14540999999999998
2026-04-28T15:44:11.197,3.8738595545684085,4.056573619312397e-05,0.14476
2026-04-28T15:44:31.205,3.870508793736808,3.9962405179353605e-05,0.14522
2026-04-28T15:44:51.210,3.865686273386599,3.9962405179353605e-05,0.14518999999999999
2026-04-28T15:45:11.218,3.860432901647873,4.087080894167379e-05,0.14194500000000002
2026-04-28T15:45:31.223,3.8551615145561944,3.966411304610698e-05,0.13992500000000002
2026-04-28T15:45:51.227,3.851375919994898,3.9962405179353605e-05,0.14883
2026-04-28T15:46:11.236,3.847158905139202,4.0262940604834027e-05,0.14745999999999998
2026-04-28T15:46:31.241,3.841205684347078,3.90741918027088e-05,0.145395
2026-04-28T15:46:51.246,3.8348705380723516,3.966411304610698e-05,0.14688
2026-04-28T15:47:11.251,3.830978842563927,3.966411304610698e-05,0.14698
2026-04-28T15:47:31.257,3.8233786392413154,3.90741918027088e-05,0.14103
2026-04-28T15:47:51.265,3.818940604450181,4.0262940604834027e-05,0.14193
2026-04-28T15:48:11.270,3.8151105404123853,3.90741918027088e-05,0.143345
2026-04-28T15:48:31.275,3.809204349173233,3.90741918027088e-05,0.14250000000000002
2026-04-28T15:48:51.280,3.803410042757683,3.878252957728951e-05,0.14057999999999998
2026-04-28T15:49:11.284,3.8000718926731496,3.849304441170976e-05,0.14314
2026-04-28T15:49:31.293,3.796184938047081,3.8205720055700826e-05,0.138645
2026-04-28T15:49:51.298,3.790580930649303,3.8205720055700826e-05,0.134985
2026-04-28T15:50:11.302,3.784162060392169,3.792054038029122e-05,0.13383499999999998
2026-04-28T15:50:31.306,3.7810330780371837,3.849304441170976e-05,0.138185
2026-04-28T15:50:51.310,3.7765426090871914,3.792054038029122e-05,0.134995
2026-04-28T15:51:11.318,3.7716650945016523,3.792054038029122e-05,0.13888
2026-04-28T15:51:31.322,3.765579887544736,3.792054038029122e-05,0.13526
2026-04-28T15:51:51.328,3.7628470533194216,3.7637489376901015e-05,0.134265
2026-04-28T15:52:11.332,3.7580701402574777,3.792054038029122e-05,0.13593
2026-04-28T15:52:31.337,3.7537445591958285,3.7077709948433766e-05,0.13301000000000002
2026-04-28T15:52:51.346,3.749352795416489,3.7637489376901015e-05,0.133995
2026-04-28T15:53:11.350,3.7457609133082608,3.735655115644367e-05,0.132825
2026-04-28T15:53:31.354,3.7400127830868586,3.6800950100101885e-05,0.13405499999999998
2026-04-28T15:53:51.359,3.7374928144793302,3.7077709948433766e-05,0.132665
2026-04-28T15:54:11.364,3.730191855651032,3.6526256075515666e-05,0.13301000000000002
2026-04-28T15:54:31.372,3.7285217376146464,3.6526256075515666e-05,0.13225
2026-04-28T15:54:51.376,3.722246136822312,3.7077709948433766e-05,0.131585
2026-04-28T15:55:11.381,3.716313681094907,3.6800950100101885e-05,0.133775
2026-04-28T15:55:31.385,3.712650590933691,3.6526256075515666e-05,0.13440000000000002
2026-04-28T15:55:51.390,3.708332216013223,3.62536124547081e-05,0.13418000000000002
2026-04-28T15:56:11.399,3.7033963885747045,3.62536124547081e-05,0.13045
2026-04-28T15:56:31.403,3.7009922871319576,3.6526256075515666e-05,0.12923500000000002
2026-04-28T15:56:51.407,3.693724988568387,3.598300393281166e-05,0.134105
2026-04-28T15:57:11.412,3.6882559066824614,3.6526256075515666e-05,0.134625
2026-04-28T15:57:31.416,3.6849259109155805,3.62536124547081e-05,0.13126
2026-04-28T15:57:51.427,3.6806022262068736,3.6526256075515666e-05,0.135035
2026-04-28T15:58:11.431,3.675387445250526,3.62536124547081e-05,0.135735
2026-04-28T15:58:31.435,3.6694895979643207,3.598300393281166e-05,0.13223000000000001
2026-04-28T15:58:51.439,3.6667078378330915,3.598300393281166e-05,0.12764999999999999
2026-04-28T15:59:11.443,3.6614111344296316,3.598300393281166e-05,0.134395
2026-04-28T15:59:31.451,3.6577263310272246,3.5714415319199324e-05,0.12994
2026-04-28T15:59:51.456,3.6521569320706453,3.518323762041017e-05,0.127585
2026-04-28T16:00:11.461,3.648273106426932,3.518323762041017e-05,0.126125
2026-04-28T16:00:31.465,3.6439836508888357,3.5447831536631504e-05,0.12513000000000002
2026-04-28T16:00:51.469,3.640706753004342,3.518323762041017e-05,0.12808999999999998
2026-04-28T16:01:11.476,3.6359620779424193,3.518323762041017e-05,0.12569
2026-04-28T16:01:31.481,3.6331175485287965,3.492061871753857e-05,0.127685
2026-04-28T16:01:51.485,3.6269891995424404,3.492061871753857e-05,0.123655
2026-04-28T16:02:11.489,3.621492904991791,3.492061871753857e-05,0.12567
2026-04-28T16:02:31.494,3.6197247455082833,3.492061871753857e-05,0.12317
2026-04-28T16:02:51.502,3.6151590861641245,3.492061871753857e-05,0.12430000000000001
2026-04-28T16:03:11.506,3.610630026431754,3.465996008588724e-05,0.12311000000000001
2026-04-28T16:03:31.510,3.6056962849814727,3.440124709336686e-05,0.12398499999999998
2026-04-28T16:03:51.515,3.6024787429440766,3.440124709336686e-05,0.12384999999999999
2026-04-28T16:04:11.519,3.5978074567410254,3.440124709336686e-05,0.124505
2026-04-28T16:04:31.526,3.5939312165090813,3.414446521710666e-05,0.12194
2026-04-28T16:04:51.531,3.5893117955590053,3.388960004263926e-05,0.12129000000000001
2026-04-28T16:05:11.536,3.583091757907883,3.440124709336686e-05,0.120725
2026-04-28T16:05:31.540,3.579421177152544,3.414446521710666e-05,0.122605
2026-04-28T16:05:51.544,3.574634023784711,3.388960004263926e-05,0.12004
2026-04-28T16:06:11.552,3.572213329253718,3.388960004263926e-05,0.121445
2026-04-28T16:06:31.556,3.56750373672123,3.388960004263926e-05,0.121035
2026-04-28T16:06:51.561,3.564873400372453,3.363663726309123e-05,0.122395
2026-04-28T16:07:11.565,3.5598803978927207,3.3385562678380445e-05,0.12132499999999999
2026-04-28T16:07:31.571,3.5539106788299977,3.3385562678380445e-05,0.12128000000000001
2026-04-28T16:07:51.578,3.5527121837703914,3.3385562678380445e-05,0.127305
2026-04-28T16:08:11.583,3.5478160849260165,3.3385562678380445e-05,0.125665
2026-04-28T16:08:31.587,3.5435907261173742,3.3385562678380445e-05,0.12262500000000001
2026-04-28T16:08:51.592,3.5383251229021697,3.363663726309123e-05,0.12669000000000002
2026-04-28T16:09:11.596,3.534355487287812,3.363663726309123e-05,0.11644000000000002
2026-04-28T16:09:31.605,3.530154970702715,3.363663726309123e-05,0.117855
2026-04-28T16:09:51.610,3.5268838566946963,3.288902182232036e-05,0.117845
2026-04-28T16:10:11.614,3.52160744426772,3.313636219441863e-05,0.12037500000000001
2026-04-28T16:10:31.619,3.515903973158112,3.288902182232036e-05,0.117635
2026-04-28T16:10:51.623,3.5142162190393624,3.2643527677617495e-05,0.11932000000000001
2026-04-28T16:11:11.632,3.5092861754773184,3.2643527677617495e-05,0.12065
2026-04-28T16:11:31.636,3.5076738013880298,3.2643527677617495e-05,0.11952499999999999
2026-04-28T16:11:51.641,3.5027198637789114,3.2643527677617495e-05,0.11574
2026-04-28T16:12:11.645,3.500088389618369,3.23998659794802e-05,0.11513
2026-04-28T16:12:31.649,3.494568580291234,3.215802304994309e-05,0.11751
2026-04-28T16:12:51.658,3.490075646082417,3.23998659794802e-05,0.11732000000000001
2026-04-28T16:13:11.663,3.488700410928577,3.1917985313137524e-05,0.11583999999999998
2026-04-28T16:13:31.667,3.48396938960784,3.167973929452929e-05,0.11459
2026-04-28T16:13:51.671,3.482376453136211,3.1917985313137524e-05,0.11388000000000001
2026-04-28T16:14:11.676,3.4764923544088377,3.144327162016258e-05,0.11410000000000001
2026-04-28T16:14:31.685,3.473084323718376,3.144327162016258e-05,0.114075
2026-04-28T16:14:51.689,3.4703222856577485,3.167973929452929e-05,0.11130500000000002
2026-04-28T16:15:11.693,3.4673573378322824,3.167973929452929e-05,0.11440999999999998
2026-04-28T16:15:31.697,3.464057873347774,3.167973929452929e-05,0.11266000000000001
2026-04-28T16:15:51.702,3.4596202178272284,3.144327162016258e-05,0.11210500000000001
2026-04-28T16:16:11.710,3.4578689358849077,3.144327162016258e-05,0.11465
2026-04-28T16:16:31.714,3.4504039425270903,3.1208569015908986e-05,0.113645
2026-04-28T16:16:51.718,3.4458147684064455,3.1208569015908986e-05,0.112545
2026-04-28T16:17:11.723,3.4428494413103907,3.1208569015908986e-05,0.110735
2026-04-28T16:17:31.727,3.4378500860483014,3.1208569015908986e-05,0.110325
2026-04-28T16:17:51.735,3.436452948017977,3.1208569015908986e-05,0.112595
2026-04-28T16:18:11.740,3.4307197989848204,3.0975618306722514e-05,0.11083499999999999
2026-04-28T16:18:31.745,3.4254336203401907,3.1208569015908986e-05,0.111195
2026-04-28T16:18:51.749,3.421484560155258,3.074440641589971e-05,0.11166000000000001
2026-04-28T16:19:11.753,3.418923914777115,3.0975618306722514e-05,0.10948
2026-04-28T16:19:31.761,3.4140129295621424,3.0975618306722514e-05,0.112155
2026-04-28T16:19:51.765,3.411055661966093,3.074440641589971e-05,0.11025499999999999
2026-04-28T16:20:11.770,3.4050811072033667,3.0514920364345987e-05,0.113825
2026-04-28T16:20:31.774,3.399753303611651,3.074440641589971e-05,0.111545
2026-04-28T16:20:51.778,3.3971164248452226,3.0975618306722514e-05,0.113645
2026-04-28T16:21:11.789,3.3927718802541493,3.074440641589971e-05,0.11469499999999999
2026-04-28T16:21:31.793,3.38733124366236,3.0514920364345987e-05,0.113645
2026-04-28T16:21:51.797,3.385586598955338,3.074440641589971e-05,0.11404
2026-04-28T16:22:11.802,3.3796015194337814,3.0287147269846864e-05,0.109725
2026-04-28T16:22:31.806,3.3744170801245126,3.0287147269846864e-05,0.106675
2026-04-28T16:22:51.813,3.371582316928543,3.0514920364345987e-05,0.11196500000000001
2026-04-28T16:23:11.818,3.3672109389433347,3.0514920364345987e-05,0.11052999999999999
2026-04-28T16:23:31.822,3.3651858236361294,3.0287147269846864e-05,0.10789
2026-04-28T16:23:51.826,3.360137542468126,2.9836688903220968e-05,0.10778499999999999
2026-04-28T16:24:11.830,3.355921286153607,2.9836688903220968e-05,0.10696000000000001
2026-04-28T16:24:31.838,3.3517556624626508,2.9613978344584324e-05,0.10502
2026-04-28T16:24:51.842,3.348826650525443,2.9613978344584324e-05,0.10699499999999999
2026-04-28T16:25:11.847,3.344587448340321,2.9613978344584324e-05,0.105575
2026-04-28T16:25:31.853,3.342599975639023,2.9392930168562958e-05,0.103855
2026-04-28T16:25:51.857,3.3377416142182024,2.9173531966602892e-05,0.10427
2026-04-28T16:26:11.866,3.332621461273681,2.9173531966602892e-05,0.104295
2026-04-28T16:26:31.870,3.33073155593127,2.9392930168562958e-05,0.103025
2026-04-28T16:26:51.876,3.3263634965637108,2.9173531966602892e-05,0.10405500000000001
2026-04-28T16:27:11.880,3.3249011239921673,2.8739636313067125e-05,0.10591999999999999
2026-04-28T16:27:31.884,3.321774322443066,2.8955771422771748e-05,0.103355
2026-04-28T16:27:51.892,3.3185046306997537,2.8955771422771748e-05,0.10099499999999999
2026-04-28T16:28:11.897,3.3153456859682784,2.8739636313067125e-05,0.101745
2026-04-28T16:28:31.902,3.3106363778887316,2.8739636313067125e-05,0.104155
2026-04-28T16:28:51.906,3.306167337726989,2.8739636313067125e-05,0.10568999999999999
2026-04-28T16:29:11.910,3.30435309686698,2.8739636313067125e-05,0.10453000000000001
2026-04-28T16:29:31.919,3.300743768311681,2.8739636313067125e-05,0.10405500000000001
2026-04-28T16:29:51.924,3.2974848857801407,2.852511450473053e-05,0.10207999999999999
2026-04-28T16:30:11.928,3.2938031165424415,2.8312193955566078e-05,0.10145
2026-04-28T16:30:31.932,3.290086264775308,2.852511450473053e-05,0.10021
2026-04-28T16:30:51.936,3.2854277789546176,2.8312193955566078e-05,0.098875
2026-04-28T16:31:11.944,3.2838093365359136,2.8100862713264846e-05,0.09952
2026-04-28T16:31:31.948,3.27848409302067,2.8312193955566078e-05,0.09947500000000001
2026-04-28T16:31:51.952,3.2766221588841598,2.8100862713264846e-05,0.09912499999999999
2026-04-28T16:32:11.956,3.273012166605331,2.8100862713264846e-05,0.10034000000000001
2026-04-28T16:32:31.960,3.2699469965268584,2.8100862713264846e-05,0.09981999999999999
2026-04-28T16:32:51.971,3.2675025027664377,2.7891108914733695e-05,0.09865
2026-04-28T16:33:11.977,3.2633666518166775,2.7682920785429458e-05,0.097505
2026-04-28T16:33:31.983,3.257332267118618,2.8100862713264846e-05,0.09765
2026-04-28T16:33:51.989,3.256312218870893,2.7891108914733695e-05,0.09836
2026-04-28T16:34:11.995,3.2536193976926633,2.7682920785429458e-05,0.09819
2026-04-28T16:34:32.004,3.2510678548086434,2.7682920785429458e-05,0.09826
2026-04-28T16:34:52.011,3.247266615335572,2.7682920785429458e-05,0.098625
2026-04-28T16:35:12.017,3.2421429541381075,2.7682920785429458e-05,0.10167
2026-04-28T16:35:32.023,3.2369694188582576,2.7476286638697735e-05,0.10010000000000001
2026-04-28T16:35:52.029,3.23468981298618,2.7476286638697735e-05,0.102235
2026-04-28T16:36:12.039,3.2299718765007452,2.7476286638697735e-05,0.100105
2026-04-28T16:36:32.045,3.2282744509819894,2.7476286638697735e-05,0.094895
2026-04-28T16:36:52.051,3.2235242764965335,2.7476286638697735e-05,0.096665
2026-04-28T16:37:12.057,3.2192552067525684,2.7476286638697735e-05,0.10066
2026-04-28T16:37:32.063,3.2158819741386004,2.7476286638697735e-05,0.096085
2026-04-28T16:37:52.073,3.2125945514952763,2.7476286638697735e-05,0.09635
2026-04-28T16:38:12.078,3.208960285898785,2.7067633981848312e-05,0.09740499999999999
2026-04-28T16:38:32.083,3.207215641191763,2.7067633981848312e-05,0.10085
2026-04-28T16:38:52.089,3.202763952659443,2.686559253198699e-05,0.098235
2026-04-28T16:39:12.094,3.2016024364822138,2.686559253198699e-05,0.09315999999999999
2026-04-28T16:39:32.104,3.1971222078381105,2.686559253198699e-05,0.094665
2026-04-28T16:39:52.110,3.1932205564767386,2.64660226807041e-05,0.094095
2026-04-28T16:40:12.116,3.190084178345278,2.686559253198699e-05,0.09433
2026-04-28T16:40:32.122,3.187417716472948,2.6665059183923112e-05,0.09421500000000001
2026-04-28T16:40:52.128,3.1828385930228977,2.6665059183923112e-05,0.09474
2026-04-28T16:41:12.137,3.181349387057219,2.6665059183923112e-05,0.094555
2026-04-28T16:41:32.143,3.1773666666075586,2.64660226807041e-05,0.09698
2026-04-28T16:41:52.147,3.1730433611694404,2.64660226807041e-05,0.096805
2026-04-28T16:42:12.153,3.1694040702376514,2.64660226807041e-05,0.09242
2026-04-28T16:42:32.158,3.1685300411664925,2.6268471849402852e-05,0.093935
2026-04-28T16:42:52.166,3.1639321438223122,2.64660226807041e-05,0.09840499999999999
2026-04-28T16:43:12.172,3.1630306176334884,2.64660226807041e-05,0.09636
2026-04-28T16:43:32.178,3.1592189482192334,2.6072395600490395e-05,0.092555
2026-04-28T16:43:52.182,3.154875162169337,2.64660226807041e-05,0.09287
2026-04-28T16:44:12.188,3.1502681623310336,2.6268471849402852e-05,0.093215
2026-04-28T16:44:32.196,3.148139032064937,2.6268471849402852e-05,0.08904999999999999
2026-04-28T16:44:52.201,3.1442187964447292,2.6072395600490395e-05,0.090305
2026-04-28T16:45:12.206,3.1417048013489692,2.6072395600490395e-05,0.088175
2026-04-28T16:45:32.212,3.1383590658526663,2.6072395600490395e-05,0.09336
2026-04-28T16:45:52.217,3.136100793951191,2.587778292721371e-05,0.088275
2026-04-28T16:46:12.226,3.131608049377668,2.5684622904977616e-05,0.093505
2026-04-28T16:46:32.231,3.130176018453203,2.587778292721371e-05,0.09184
2026-04-28T16:46:52.236,3.126487896433147,2.587778292721371e-05,0.08971
2026-04-28T16:47:12.241,3.123439888348803,2.5684622904977616e-05,0.09258999999999999
2026-04-28T16:47:32.247,3.11691131407395,2.5492904690731664e-05,0.090405
2026-04-28T16:47:52.256,3.1164962024148553,2.5302617522361228e-05,0.090825
2026-04-28T16:48:12.261,3.1130996446596955,2.5302617522361228e-05,0.09023
2026-04-28T16:48:32.266,3.110250658816658,2.5302617522361228e-05,0.090785
2026-04-28T16:48:52.271,3.105817649360821,2.5113750718083694e-05,0.08925
2026-04-28T16:49:12.276,3.1035989164181954,2.5302617522361228e-05,0.08915
2026-04-28T16:49:32.284,3.102495618276298,2.5302617522361228e-05,0.089995
2026-04-28T16:49:52.288,3.098573581120795,2.5113750718083694e-05,0.08912
2026-04-28T16:50:12.293,3.095834963019006,2.4926293675848622e-05,0.08932999999999999
2026-04-28T16:50:32.298,3.0899451752328058,2.5113750718083694e-05,0.08841
2026-04-28T16:50:52.303,3.0903064304683356,2.4926293675848622e-05,0.08832999999999999
2026-04-28T16:51:12.313,3.085849052877189,2.4926293675848622e-05,0.08758
2026-04-28T16:51:32.317,3.0823249653866513,2.5113750718083694e-05,0.09416
2026-04-28T16:51:52.322,3.0794962705200977,2.5113750718083694e-05,0.08858
2026-04-28T16:52:12.327,3.076815301547758,2.4926293675848622e-05,0.08991
2026-04-28T16:52:32.332,3.070317922278808,2.5302617522361228e-05,0.088095
2026-04-28T16:52:52.344,3.067758319894783,2.5113750718083694e-05,0.088535
2026-04-28T16:53:12.348,3.06233427639124,2.4740235872742714e-05,0.09329
2026-04-28T16:53:32.353,3.061348172861184,2.4926293675848622e-05,0.08702499999999999
2026-04-28T16:53:52.358,3.055040808157064,2.4926293675848622e-05,0.08603
2026-04-28T16:54:12.362,3.0514302469723527,2.4555566864398894e-05,0.087405
2026-04-28T16:54:32.371,3.0494368007592856,2.4740235872742714e-05,0.09241
2026-04-28T16:54:52.375,3.0480357752054292,2.4555566864398894e-05,0.08909
2026-04-28T16:55:12.380,3.0433988129906355,2.437227628441033e-05,0.087625
2026-04-28T16:55:32.385,3.0416071387306416,2.437227628441033e-05,0.08542999999999999
2026-04-28T16:55:52.390,3.0386250289110466,2.4555566864398894e-05,0.08719
2026-04-28T16:56:12.400,3.0359749704916688,2.4190353843748302e-05,0.08816
2026-04-28T16:56:32.404,3.0348701552674173,2.4190353843748302e-05,0.088115
2026-04-28T16:56:52.409,3.0290722457812773,2.437227628441033e-05,0.08517
2026-04-28T16:57:12.414,3.026850952762179,2.400978933018473e-05,0.084295
2026-04-28T16:57:32.418,3.0242555093075425,2.4190353843748302e-05,0.087095
2026-04-28T16:57:52.427,3.0235348951894245,2.4190353843748302e-05,0.08660999999999999
2026-04-28T16:58:12.431,3.0200393478106706,2.383057260771871e-05,0.08375
2026-04-28T16:58:32.435,3.017447602244272,2.400978933018473e-05,0.082685
2026-04-28T16:58:52.440,3.015454250848852,2.400978933018473e-05,0.08316
2026-04-28T16:59:12.444,3.0108862210635152,2.383057260771871e-05,0.083815
2026-04-28T16:59:32.452,3.009472869215533,2.383057260771871e-05,0.0853
2026-04-28T16:59:52.457,3.003395626940975,2.383057260771871e-05,0.08599
2026-04-28T17:00:12.461,3.0032628822350063,2.383057260771871e-05,0.083985
2026-04-28T17:00:32.465,2.9988875219086184,2.365269361600783e-05,0.08270999999999999
2026-04-28T17:00:52.470,2.9956205798770728,2.365269361600783e-05,0.081845
2026-04-28T17:01:12.478,2.9954156789416446,2.365269361600783e-05,0.08081
2026-04-28T17:01:32.483,2.9899884116380995,2.365269361600783e-05,0.081985
2026-04-28T17:01:52.488,2.9868115463713183,2.33009089583892e-05,0.08256
2026-04-28T17:02:12.492,2.9821754375153486,2.33009089583892e-05,0.08208499999999999
2026-04-28T17:02:32.497,2.9822075806977226,2.3476142369803284e-05,0.08287
2026-04-28T17:02:52.505,2.9786861481013047,2.33009089583892e-05,0.08250500000000001
2026-04-28T17:03:12.511,2.975301632187329,2.365269361600783e-05,0.08265
2026-04-28T17:03:32.516,2.973471177509663,2.3126983545026586e-05,0.080885
2026-04-28T17:03:52.521,2.9701882112957536,2.33009089583892e-05,0.07911
2026-04-28T17:04:12.526,2.9677631551529933,2.33009089583892e-05,0.07975
2026-04-28T17:04:32.535,2.9666253433875442,2.3126983545026586e-05,0.080195
2026-04-28T17:04:52.541,2.961508603878319,2.295435636640097e-05,0.079965
2026-04-28T17:05:12.546,2.9588123692647934,2.3126983545026586e-05,0.080235
2026-04-28T17:05:32.551,2.955414009974338,2.295435636640097e-05,0.080135
2026-04-28T17:05:52.556,2.954905882203418,2.295435636640097e-05,0.07921500000000001
2026-04-28T17:06:12.565,2.952376147378236,2.3126983545026586e-05,0.07668
2026-04-28T17:06:32.570,2.9492737139644447,2.2783017732074407e-05,0.078805
2026-04-28T17:06:52.575,2.948206162075512,2.244416769568896e-05,0.07939
2026-04-28T17:07:12.580,2.9435088010195023,2.295435636640097e-05,0.078835
2026-04-28T17:07:32.585,2.939696373064071,2.2612958023941342e-05,0.078405
2026-04-28T17:07:52.593,2.936226805720628,2.2783017732074407e-05,0.07807499999999999
2026-04-28T17:08:12.599,2.9339414159720762,2.2612958023941342e-05,0.08080000000000001
2026-04-28T17:08:32.604,2.9324530633652217,2.2612958023941342e-05,0.07992
2026-04-28T17:08:52.609,2.92775247850921,2.2612958023941342e-05,0.08346
2026-04-28T17:09:12.614,2.9258158280667685,2.244416769568896e-05,0.08088500000000001
2026-04-28T17:09:32.623,2.923676836765371,2.2612958023941342e-05,0.078705
2026-04-28T17:09:52.629,2.9209611645341855,2.244416769568896e-05,0.08280499999999999
2026-04-28T17:10:12.634,2.919425118650829,2.2612958023941342e-05,0.08027
2026-04-28T17:10:32.639,2.9147896735183894,2.244416769568896e-05,0.07622
2026-04-28T17:10:52.644,2.9107777492334157,2.227663727226112e-05,0.07752
2026-04-28T17:11:12.654,2.908034674702212,2.244416769568896e-05,0.07879
2026-04-28T17:11:32.659,2.906947116289737,2.194531859275084e-05,0.078215
2026-04-28T17:11:52.664,2.901902343374677,2.194531859275084e-05,0.079455
2026-04-28T17:12:12.669,2.900897750403433,2.2110357349326565e-05,0.07803
2026-04-28T17:12:32.674,2.9003928464325144,2.194531859275084e-05,0.073995
2026-04-28T17:12:52.682,2.8958724151060324,2.194531859275084e-05,0.075415
2026-04-28T17:13:12.687,2.892610688045078,2.194531859275084e-05,0.07919000000000001
2026-04-28T17:13:32.692,2.888713113842532,2.194531859275084e-05,0.077855
2026-04-28T17:13:52.700,2.889007617454489,2.1781511738072575e-05,0.077655
2026-04-28T17:14:12.705,2.887599859847687,2.194531859275084e-05,0.077305
2026-04-28T17:14:32.714,2.8833185586272436,2.1781511738072575e-05,0.075625
2026-04-28T17:14:52.719,2.8825053076678886,2.1618927589983237e-05,0.075495
2026-04-28T17:15:12.725,2.8799809774485925,2.145755702181107e-05,0.074485
2026-04-28T17:15:32.730,2.8747313984157516,2.145755702181107e-05,0.07725499999999999
2026-04-28T17:15:52.735,2.870783665677879,2.1618927589983237e-05,0.080265
2026-04-28T17:16:12.744,2.8675424192287027,2.1618927589983237e-05,0.07621
2026-04-28T17:16:32.750,2.867559865675773,2.1618927589983237e-05,0.07567
2026-04-28T17:16:52.755,2.8609415939067437,2.145755702181107e-05,0.08021500000000001
2026-04-28T17:17:12.760,2.8607874204125254,2.1618927589983237e-05,0.07615
2026-04-28T17:17:32.765,2.8560679668447366,2.1618927589983237e-05,0.07295
2026-04-28T17:17:52.780,2.8530701172957196,2.1138420458644226e-05,0.073435
2026-04-28T17:18:12.785,2.851649464488909,2.09806365488977e-05,0.076465
2026-04-28T17:18:32.790,2.848032171251252,2.1138420458644226e-05,0.07715
2026-04-28T17:18:52.795,2.845998332720512,2.1138420458644226e-05,0.07527
2026-04-28T17:19:12.801,2.8417111528059467,2.1297390975008563e-05,0.070735
2026-04-28T17:19:32.809,2.840764398599446,2.1297390975008563e-05,0.071185
2026-04-28T17:19:52.814,2.8402582619991152,2.0824030388558924e-05,0.072785
2026-04-28T17:20:12.818,2.8363838233024667,2.09806365488977e-05,0.07356
2026-04-28T17:20:32.823,2.834710860736668,2.09806365488977e-05,0.07534
2026-04-28T17:20:52.827,2.834032345653872,2.09806365488977e-05,0.07191499999999999
2026-04-28T17:21:12.835,2.829880470521748,2.09806365488977e-05,0.0722
2026-04-28T17:21:32.839,2.827641636237933,2.0668593186530727e-05,0.075225
2026-04-28T17:21:52.844,2.8236592950588606,2.0824030388558924e-05,0.07164000000000001
2026-04-28T17:22:12.848,2.821559368628077,2.0824030388558924e-05,0.07306
2026-04-28T17:22:32.852,2.820587203292148,2.0824030388558924e-05,0.07172500000000001
2026-04-28T17:22:52.860,2.8165402912953867,2.0514316217335635e-05,0.070285
2026-04-28T17:23:12.865,2.8150308891708713,2.0514316217335635e-05,0.07197
2026-04-28T17:23:32.870,2.8146345514059066,2.0668593186530727e-05,0.071175
2026-04-28T17:23:52.874,2.809740064461533,2.0361190820625913e-05,0.07209
2026-04-28T17:24:12.878,2.808841856890358,2.0361190820625913e-05,0.07308
2026-04-28T17:24:32.886,2.8081660915193285,2.0668593186530727e-05,0.07274
2026-04-28T17:24:52.890,2.803502011457458,2.0361190820625913e-05,0.07092000000000001
2026-04-28T17:25:12.895,2.801737455044541,2.0514316217335635e-05,0.07236000000000001
2026-04-28T17:25:32.900,2.798181034736335,2.0361190820625913e-05,0.06985
2026-04-28T17:25:52.904,2.795138146804936,2.0361190820625913e-05,0.070295
2026-04-28T17:26:12.914,2.7943318175338208,2.0209208400697296e-05,0.070245
2026-04-28T17:26:32.918,2.792559106803251,2.0361190820625913e-05,0.06985
2026-04-28T17:26:52.922,2.78990421268387,2.0209208400697296e-05,0.072425
2026-04-28T17:27:12.927,2.788520254306495,2.005836042600672e-05,0.07143000000000001
2026-04-28T17:27:32.932,2.785315038563225,2.005836042600672e-05,0.070475
2026-04-28T17:27:52.940,2.781953942608088,2.005836042600672e-05,0.071365
2026-04-28T17:28:12.944,2.7772934656168085,2.005836042600672e-05,0.076695
2026-04-28T17:28:32.948,2.775878217415884,2.0361190820625913e-05,0.06971000000000001
2026-04-28T17:28:52.953,2.773993811497006,2.005836042600672e-05,0.06959
2026-04-28T17:29:12.957,2.7689534001937135,1.9908638428693246e-05,0.068075
2026-04-28T17:29:32.964,2.7690822573761507,1.9908638428693246e-05,0.072215
2026-04-28T17:29:52.969,2.7677080652164294,1.9908638428693246e-05,0.072175
2026-04-28T17:30:12.973,2.7621984961951833,1.9908638428693246e-05,0.06972
2026-04-28T17:30:32.977,2.7606322983000426,1.9760034004102777e-05,0.06935
2026-04-28T17:30:52.982,2.755409552661337,1.9760034004102777e-05,0.067815
2026-04-28T17:31:12.989,2.754821683249188,1.9760034004102777e-05,0.068235
2026-04-28T17:31:32.993,2.753028207453899,1.961253881031612e-05,0.06787499999999999
2026-04-28T17:31:52.998,2.7486206091274905,1.9760034004102777e-05,0.06732
2026-04-28T17:32:13.003,2.748273292086087,1.961253881031612e-05,0.06675
2026-04-28T17:32:33.007,2.74651565736141,1.961253881031612e-05,0.066345
2026-04-28T17:32:53.016,2.7420466171996667,1.961253881031612e-05,0.068175
2026-04-28T17:33:13.023,2.7402197655925913,1.961253881031612e-05,0.069035
2026-04-28T17:33:33.027,2.7406314638163893,1.961253881031612e-05,0.06801
2026-04-28T17:33:53.031,2.7368063302962438,1.9466144567680946e-05,0.069965
2026-04-28T17:34:13.035,2.7321792291167504,1.932084305834685e-05,0.06767999999999999
2026-04-28T17:34:33.042,2.7288573876675217,1.9466144567680946e-05,0.073695
2026-04-28T17:34:53.046,2.7264712067600807,1.932084305834685e-05,0.068025
2026-04-28T17:35:13.050,2.72549875697121,1.932084305834685e-05,0.065735
2026-04-28T17:35:33.055,2.72011842440299,1.932084305834685e-05,0.0653
2026-04-28T17:35:53.059,2.7192343446612357,1.932084305834685e-05,0.064835
2026-04-28T17:36:13.066,2.7171980408716703,1.932084305834685e-05,0.067575
2026-04-28T17:36:33.071,2.714517166716978,1.932084305834685e-05,0.066295
2026-04-28T17:36:53.075,2.7120589243977253,1.917662612580412e-05,0.06825
2026-04-28T17:37:13.080,2.7085317079248328,1.932084305834685e-05,0.067675
2026-04-28T17:37:33.084,2.7054035789286717,1.9033485674425728e-05,0.06736
2026-04-28T17:37:53.093,2.7033736279214633,1.889141366901308e-05,0.0683
2026-04-28T17:38:13.097,2.7022902414854615,1.889141366901308e-05,0.066035
2026-04-28T17:38:33.101,2.7000550102722367,1.889141366901308e-05,0.065315
2026-04-28T17:38:53.105,2.6993467224482446,1.889141366901308e-05,0.06489500000000001
2026-04-28T17:39:13.110,2.697722496153066,1.9033485674425728e-05,0.06432
2026-04-28T17:39:33.117,2.693704977626912,1.889141366901308e-05,0.064085
2026-04-28T17:39:53.121,2.692583379679121,1.8750402134344848e-05,0.064585
2026-04-28T17:40:13.125,2.6920067935669794,1.8750402134344848e-05,0.06648499999999999
2026-04-28T17:40:33.129,2.687652862028841,1.8750402134344848e-05,0.063425
2026-04-28T17:40:53.133,2.685623764380457,1.847152887355995e-05,0.06486
2026-04-28T17:41:13.143,2.682817730931565,1.8610443154729326e-05,0.065415
2026-04-28T17:41:33.150,2.6796312890824248,1.847152887355995e-05,0.06544
2026-04-28T17:41:53.156,2.678628876917064,1.8610443154729326e-05,0.06645999999999999
2026-04-28T17:42:13.162,2.6772039573161335,1.8610443154729326e-05,0.06539500000000001
2026-04-28T17:42:33.168,2.672477676877752,1.833365149287448e-05,0.063015
2026-04-28T17:42:53.178,2.6731267984899407,1.833365149287448e-05,0.06423
2026-04-28T17:43:13.183,2.672024827795103,1.819680327291711e-05,0.062505
2026-04-28T17:43:33.189,2.6674946302509674,1.819680327291711e-05,0.06328
2026-04-28T17:43:53.195,2.665250960267149,1.819680327291711e-05,0.063705
2026-04-28T17:44:13.201,2.6627727114243536,1.819680327291711e-05,0.06427000000000001
2026-04-28T17:44:33.211,2.659326184769161,1.833365149287448e-05,0.064755
2026-04-28T17:44:53.218,2.659966109069579,1.833365149287448e-05,0.062
2026-04-28T17:45:13.223,2.6571374142030253,1.833365149287448e-05,0.06275
2026-04-28T17:45:33.229,2.6543718678894543,1.8060976531704085e-05,0.06395999999999999
2026-04-28T17:45:53.237,2.653967470624484,1.819680327291711e-05,0.06176
2026-04-28T17:46:13.247,2.6520203902408594,1.819680327291711e-05,0.06315
2026-04-28T17:46:33.251,2.6487785748858004,1.8060976531704085e-05,0.063585
2026-04-28T17:46:53.256,2.646900237296338,1.8060976531704085e-05,0.064595
2026-04-28T17:47:13.261,2.644245343176957,1.8060976531704085e-05,0.06336
2026-04-28T17:47:33.266,2.6415707269869744,1.8060976531704085e-05,0.061005
2026-04-28T17:47:53.274,2.6411542878808203,1.8060976531704085e-05,0.067435
2026-04-28T17:48:13.279,2.637249791990034,1.7792357043851565e-05,0.065845
2026-04-28T17:48:33.284,2.633701620817128,1.792616364459231e-05,0.06235
2026-04-28T17:48:53.288,2.6331930189579724,1.792616364459231e-05,0.06488000000000001
2026-04-28T17:49:13.293,2.629795133755753,1.792616364459231e-05,0.06578500000000001
2026-04-28T17:49:33.302,2.627664486407302,1.7792357043851565e-05,0.06588000000000001
2026-04-28T17:49:53.307,2.626912677283282,1.7792357043851565e-05,0.061834999999999994
2026-04-28T17:50:13.312,2.6235940596340552,1.7792357043851565e-05,0.062195
2026-04-28T17:50:33.317,2.6188905354309826,1.7792357043851565e-05,0.061009999999999995
2026-04-28T17:50:53.322,2.6151552890403074,1.7792357043851565e-05,0.062915
2026-04-28T17:51:13.330,2.6123619611561297,1.7792357043851565e-05,0.061465000000000006
2026-04-28T17:51:33.334,2.6100730631546347,1.7527732712580317e-05,0.06164000000000001
2026-04-28T17:51:53.339,2.6074938335176556,1.765954921823959e-05,0.062275000000000004
2026-04-28T17:52:13.344,2.605749378445928,1.7527732712580317e-05,0.06265
2026-04-28T17:52:33.348,2.6043238899391143,1.7527732712580317e-05,0.060750000000000005
2026-04-28T17:52:53.359,2.601634292560887,1.7527732712580317e-05,0.061685000000000004
2026-04-28T17:53:13.365,2.5984745892882346,1.7527732712580317e-05,0.059535000000000005
2026-04-28T17:53:33.371,2.598163966676267,1.7396900127345596e-05,0.05950999999999999
2026-04-28T17:53:53.376,2.59653310314579,1.7396900127345596e-05,0.05959
2026-04-28T17:54:13.381,2.5922856518253683,1.7396900127345596e-05,0.059235
2026-04-28T17:54:33.390,2.5913750231424206,1.7138157395787028e-05,0.059414999999999996
2026-04-28T17:54:53.394,2.5900214064121245,1.7138157395787028e-05,0.058875
2026-04-28T17:55:13.399,2.586179016080203,1.7138157395787028e-05,0.05908
2026-04-28T17:55:33.404,2.584907985520549,1.7138157395787028e-05,0.05856
2026-04-28T17:55:53.409,2.5840740643141222,1.7138157395787028e-05,0.05898
2026-04-28T17:56:13.416,2.5798134333407505,1.7138157395787028e-05,0.06003000000000001
2026-04-28T17:56:33.421,2.580110686664474,1.7138157395787028e-05,0.05900999999999999
2026-04-28T17:56:53.426,2.578214333722059,1.7267044118239683e-05,0.06042499999999999
2026-04-28T17:57:13.431,2.575964216138236,1.701023272492295e-05,0.058195
2026-04-28T17:57:33.436,2.5732458890129313,1.7138157395787028e-05,0.06038
2026-04-28T17:57:53.443,2.5719074431061744,1.701023272492295e-05,0.059265
2026-04-28T17:58:13.448,2.567746465479927,1.701023272492295e-05,0.061175
2026-04-28T17:58:33.453,2.565567555949092,1.68832629245877e-05,0.058765
2026-04-28T17:58:53.457,2.564579556066094,1.675724086732322e-05,0.05816
2026-04-28T17:59:13.462,2.5625296933529897,1.68832629245877e-05,0.058335000000000005
2026-04-28T17:59:33.471,2.5586439713563336,1.68832629245877e-05,0.058484999999999995
2026-04-28T17:59:53.475,2.5587008619446063,1.68832629245877e-05,0.05989
2026-04-28T18:00:13.480,2.5582087583560496,1.7138157395787028e-05,0.059345
2026-04-28T18:00:33.484,2.556444201943132,1.68832629245877e-05,0.05870499999999999
2026-04-28T18:00:53.489,2.5538500859355553,1.68832629245877e-05,0.05872000000000001
2026-04-28T18:01:13.497,2.552082590175577,1.68832629245877e-05,0.057640000000000004
2026-04-28T18:01:33.501,2.5486234527733176,1.675724086732322e-05,0.058945000000000004
2026-04-28T18:01:53.505,2.5466210937014213,1.6632159478873093e-05,0.058984999999999996
2026-04-28T18:02:13.510,2.5460761766834183,1.675724086732322e-05,0.058345
2026-04-28T18:02:33.515,2.5448195584061266,1.650801173778532e-05,0.059160000000000004
2026-04-28T18:02:53.523,2.5408872809447347,1.6632159478873093e-05,0.05837
2026-04-28T18:03:13.529,2.539813186638151,1.638479067501835e-05,0.05799
2026-04-28T18:03:33.533,2.5389626723434775,1.6632159478873093e-05,0.05676
2026-04-28T18:03:53.538,2.5379357972251597,1.650801173778532e-05,0.05643
2026-04-28T18:04:13.543,2.534579252517085,1.638479067501835e-05,0.0596
2026-04-28T18:04:33.551,2.532547310339287,1.638479067501835e-05,0.05913
2026-04-28T18:04:53.556,2.531734723103462,1.650801173778532e-05,0.05869
2026-04-28T18:05:13.560,2.526622534841299,1.650801173778532e-05,0.0566
2026-04-28T18:05:33.565,2.527790308983238,1.650801173778532e-05,0.05824
2026-04-28T18:05:53.570,2.5263206354528664,1.650801173778532e-05,0.05921
2026-04-28T18:06:13.578,2.5239027854512868,1.650801173778532e-05,0.059094999999999995
2026-04-28T18:06:33.582,2.521754407202825,1.6632159478873093e-05,0.05659499999999999
2026-04-28T18:06:53.587,2.5213427089790263,1.650801173778532e-05,0.054505000000000005
2026-04-28T18:07:13.592,2.5196977176191284,1.638479067501835e-05,0.05326499999999999
2026-04-28T18:07:33.597,2.515160598386753,1.638479067501835e-05,0.057589999999999995
2026-04-28T18:07:53.606,2.5138106795446946,1.638479067501835e-05,0.058695
2026-04-28T18:08:13.610,2.5107800230897737,1.6262489373549745e-05,0.057185
2026-04-28T18:08:33.615,2.5078104291995986,1.638479067501835e-05,0.056705000000000005
2026-04-28T18:08:53.620,2.505166818380225,1.614110096798797e-05,0.056299999999999996
2026-04-28T18:09:13.624,2.5030997936729924,1.614110096798797e-05,0.056065
2026-04-28T18:09:33.633,2.500753530994989,1.6262489373549745e-05,0.057330000000000006
2026-04-28T18:09:53.638,2.499686358376645,1.614110096798797e-05,0.05877
2026-04-28T18:10:13.642,2.4957344536622985,1.614110096798797e-05,0.05517
2026-04-28T18:10:33.647,2.494888585432334,1.614110096798797e-05,0.05405
2026-04-28T18:10:53.651,2.4944325125496833,1.614110096798797e-05,0.05488
2026-04-28T18:11:13.659,2.4932577219018572,1.6020618644186852e-05,0.05502
2026-04-28T18:11:33.667,2.488213423075033,1.6020618644186852e-05,0.053774999999999996
2026-04-28T18:11:53.672,2.487677513733506,1.6020618644186852e-05,0.05628
2026-04-28T18:12:13.676,2.4884030583692742,1.614110096798797e-05,0.054035
2026-04-28T18:12:33.681,2.485734036420472,1.5901035638863286e-05,0.05406999999999999
2026-04-28T18:12:53.689,2.481500333658883,1.5901035638863286e-05,0.05405
2026-04-28T18:13:13.694,2.4814319701353087,1.5901035638863286e-05,0.055959999999999996
2026-04-28T18:13:33.698,2.47865580424526,1.5901035638863286e-05,0.054365
2026-04-28T18:13:53.703,2.4764128928026183,1.5782345239217428e-05,0.05415
2026-04-28T18:14:13.707,2.472151313652776,1.5782345239217428e-05,0.052815
2026-04-28T18:14:33.715,2.472695756582543,1.5901035638863286e-05,0.053035
2026-04-28T18:14:53.719,2.469287820709729,1.5782345239217428e-05,0.056420000000000005
2026-04-28T18:15:13.724,2.466695506237447,1.5782345239217428e-05,0.053059999999999996
2026-04-28T18:15:33.728,2.466310546590137,1.566454078255595e-05,0.054169999999999996
2026-04-28T18:15:53.733,2.4645848654125393,1.566454078255595e-05,0.053135
2026-04-28T18:16:13.742,2.461204711110331,1.566454078255595e-05,0.054220000000000004
2026-04-28T18:16:33.747,2.459502639526866,1.566454078255595e-05,0.057125
2026-04-28T18:16:53.752,2.457487574890256,1.554761565591789e-05,0.05609499999999999
2026-04-28T18:17:13.756,2.452979185404958,1.554761565591789e-05,0.05405
2026-04-28T18:17:33.760,2.451562799392268,1.5782345239217428e-05,0.054215
2026-04-28T18:17:53.770,2.4504191089326977,1.566454078255595e-05,0.054900000000000004
2026-04-28T18:18:13.774,2.448015481578186,1.554761565591789e-05,0.052654999999999993
2026-04-28T18:18:33.779,2.4453937736352973,1.5782345239217428e-05,0.0508
2026-04-28T18:18:53.784,2.4439209711225702,1.554761565591789e-05,0.0517
2026-04-28T18:19:13.788,2.4429474783395815,1.554761565591789e-05,0.051965000000000004
2026-04-28T18:19:33.795,2.4388075502309947,1.531637718730637e-05,0.053505000000000004
2026-04-28T18:19:53.799,2.4392306265724475,1.5431563295703635e-05,0.052559999999999996
2026-04-28T18:20:13.804,2.438149705395271,1.5431563295703635e-05,0.05288
2026-04-28T18:20:33.808,2.436014980887994,1.531637718730637e-05,0.054779999999999995
2026-04-28T18:20:53.812,2.4321193030383905,1.5431563295703635e-05,0.053745
2026-04-28T18:21:13.822,2.43114685324952,1.531637718730637e-05,0.05276499999999999
2026-04-28T18:21:33.836,2.429066174801102,1.5431563295703635e-05,0.05115499999999999
2026-04-28T18:21:53.841,2.4254485022928565,1.531637718730637e-05,0.051705
2026-04-28T18:22:13.845,2.425690666563603,1.5088577910307805e-05,0.052645
2026-04-28T18:22:33.850,2.424674885109998,1.5202050864746284e-05,0.05145999999999999
2026-04-28T18:22:53.858,2.4228840642088283,1.5088577910307805e-05,0.052745
2026-04-28T18:23:13.863,2.4194482519477605,1.5202050864746284e-05,0.0508
2026-04-28T18:23:33.867,2.4190534312651497,1.5088577910307805e-05,0.05151
2026-04-28T18:23:53.871,2.418429341511801,1.5088577910307805e-05,0.052759999999999994
2026-04-28T18:24:13.876,2.4166260994988584,1.4975951954179194e-05,0.050495
2026-04-28T18:24:33.884,2.412617778284475,1.4975951954179194e-05,0.051019999999999996
2026-04-28T18:24:53.888,2.4116386912603063,1.5088577910307805e-05,0.051759999999999994
2026-04-28T18:25:13.893,2.4117875549662857,1.5088577910307805e-05,0.05056000000000001
2026-04-28T18:25:33.898,2.4100647183181017,1.4975951954179194e-05,0.05095499999999999
2026-04-28T18:25:53.902,2.405892741844788,1.4975951954179194e-05,0.051445
2026-04-28T18:26:13.910,2.404202332831919,1.4864166674095057e-05,0.051949999999999996
2026-04-28T18:26:33.914,2.40238448890132,1.4975951954179194e-05,0.051185
2026-04-28T18:26:53.918,2.3989379622461273,1.4864166674095057e-05,0.050685
2026-04-28T18:27:13.922,2.3984969653693686,1.4864166674095057e-05,0.050624999999999996
2026-04-28T18:27:33.929,2.3977681021159514,1.4864166674095057e-05,0.051149999999999994
2026-04-28T18:27:53.939,2.3961075606619255,1.4643093088603102e-05,0.051095
2026-04-28T18:28:13.943,2.3928811057657002,1.4864166674095057e-05,0.05466
2026-04-28T18:28:33.948,2.3911960065410702,1.4864166674095057e-05,0.053855
2026-04-28T18:28:53.952,2.3906734664877876,1.4864166674095057e-05,0.05353
2026-04-28T18:29:13.957,2.387687753597602,1.4753215794981305e-05,0.053285000000000006
2026-04-28T18:29:33.966,2.38372978055384,1.4864166674095057e-05,0.05294
2026-04-28T18:29:53.971,2.3825107100648086,1.4753215794981305e-05,0.04886
2026-04-28T18:30:13.975,2.3792869100627025,1.4753215794981305e-05,0.048819999999999995
2026-04-28T18:30:33.980,2.3768049633316695,1.4864166674095057e-05,0.05069
2026-04-28T18:30:53.984,2.376063110060597,1.4643093088603102e-05,0.05023999999999999
2026-04-28T18:31:13.992,2.3749180921539663,1.4533792373215105e-05,0.04965
2026-04-28T18:31:33.999,2.370999847704348,1.4643093088603102e-05,0.049615
2026-04-28T18:31:54.003,2.3697103277035056,1.4425307513214523e-05,0.049145
2026-04-28T18:32:14.008,2.3697482547623543,1.4643093088603102e-05,0.05023
2026-04-28T18:32:34.018,2.368634811132215,1.4425307513214523e-05,0.05053
2026-04-28T18:32:54.025,2.365746950053858,1.4753215794981305e-05,0.04948
2026-04-28T18:33:14.030,2.3637289460701867,1.4533792373215105e-05,0.04924
2026-04-28T18:33:34.034,2.3643626124058947,1.4533792373215105e-05,0.04777
2026-04-28T18:33:54.039,2.3619741558749228,1.4425307513214523e-05,0.048815000000000004
2026-04-28T18:34:14.043,2.3599630735794914,1.4317632418796571e-05,0.04833
2026-04-28T18:34:34.057,2.356596573018469,1.4425307513214523e-05,0.048870000000000004
2026-04-28T18:34:54.062,2.355544571223664,1.4317632418796571e-05,0.048645
2026-04-28T18:35:14.066,2.3529086406337067,1.4533792373215105e-05,0.048195
2026-04-28T18:35:34.071,2.350577453961596,1.4425307513214523e-05,0.0484
2026-04-28T18:35:54.075,2.3514863759268954,1.4425307513214523e-05,0.04784
2026-04-28T18:36:14.082,2.3508604846382513,1.4317632418796571e-05,0.047604999999999995
2026-04-28T18:36:34.087,2.348945262984059,1.4317632418796571e-05,0.047845
2026-04-28T18:36:54.091,2.345350820799358,1.4210761045612798e-05,0.048549999999999996
2026-04-28T18:37:14.095,2.3441474900397488,1.4104687394431665e-05,0.048104999999999995
2026-04-28T18:37:34.100,2.344199829380959,1.4210761045612798e-05,0.048515
2026-04-28T18:37:54.109,2.3435216935687517,1.4104687394431665e-05,0.04904
2026-04-28T18:38:14.113,2.3397279446898027,1.4210761045612798e-05,0.048365000000000005
2026-04-28T18:38:34.117,2.3373585465059024,1.4104687394431665e-05,0.049640000000000004
2026-04-28T18:38:54.121,2.3360862833168357,1.4104687394431665e-05,0.048625
2026-04-28T18:39:14.126,2.3333003512091337,1.4104687394431665e-05,0.04831
2026-04-28T18:39:34.149,2.330387932360172,1.3999405510801839e-05,0.04811
2026-04-28T18:39:54.154,2.331631560619808,1.4210761045612798e-05,0.04801
2026-04-28T18:40:14.159,2.3289350415533407,1.3999405510801839e-05,0.04653
2026-04-28T18:40:34.165,2.326776897087225,1.3999405510801839e-05,0.04729
2026-04-28T18:40:54.168,2.324878268521279,1.3894909484717826e-05,0.04827
2026-04-28T18:41:14.177,2.3245392006151753,1.3894909484717826e-05,0.048035
2026-04-28T18:41:34.192,2.324312207167968,1.3894909484717826e-05,0.04622
2026-04-28T18:41:54.197,2.3223583947313977,1.3894909484717826e-05,0.04689
2026-04-28T18:42:14.201,2.3180536735521153,1.3999405510801839e-05,0.047560000000000005
2026-04-28T18:42:34.205,2.3179157138755544,1.3894909484717826e-05,0.047315
2026-04-28T18:42:54.214,2.31469712884404,1.3894909484717826e-05,0.047994999999999996
2026-04-28T18:43:14.218,2.311670170277357,1.3894909484717826e-05,0.048625
2026-04-28T18:43:34.222,2.3107337511943924,1.3791193450288382e-05,0.046985
2026-04-28T18:43:54.227,2.3100285923527553,1.3791193450288382e-05,0.04859
2026-04-28T18:44:14.231,2.308685690016584,1.3688251585407143e-05,0.047450000000000006
2026-04-28T18:44:34.239,2.307481316262856,1.3894909484717826e-05,0.049575
2026-04-28T18:44:54.244,2.3048550570729054,1.3688251585407143e-05,0.048195
2026-04-28T18:45:14.248,2.305141596002504,1.3688251585407143e-05,0.044675
2026-04-28T18:45:34.256,2.303224193542428,1.3688251585407143e-05,0.045815
2026-04-28T18:45:54.260,2.300877267140895,1.3791193450288382e-05,0.051824999999999996
2026-04-28T18:46:14.269,2.297212754714972,1.3791193450288382e-05,0.048494999999999996
2026-04-28T18:46:34.282,2.2962166953319683,1.3688251585407143e-05,0.049785
2026-04-28T18:46:54.287,2.2956577453021914,1.3688251585407143e-05,0.045835
2026-04-28T18:47:14.291,2.2945939861191436,1.3688251585407143e-05,0.043635
2026-04-28T18:47:34.296,2.291371987652333,1.3586078111425726e-05,0.04572
2026-04-28T18:47:54.304,2.2890654535684734,1.3688251585407143e-05,0.044245
2026-04-28T18:48:14.308,2.287105193531899,1.3586078111425726e-05,0.04638
2026-04-28T18:48:34.313,2.2831607794116753,1.3586078111425726e-05,0.046115
2026-04-28T18:48:54.317,2.2837256081355735,1.3688251585407143e-05,0.047189999999999996
2026-04-28T18:49:14.322,2.2832555970587958,1.3484667292829496e-05,0.047465
2026-04-28T18:49:34.336,2.280574533268809,1.3586078111425726e-05,0.04747
2026-04-28T18:49:54.341,2.2773200123490365,1.3586078111425726e-05,0.04664
2026-04-28T18:50:14.346,2.2770272154547273,1.3586078111425726e-05,0.04613
2026-04-28T18:50:34.351,2.2773389758784606,1.3586078111425726e-05,0.047825
2026-04-28T18:50:54.356,2.2754799810890107,1.3484667292829496e-05,0.04577
2026-04-28T18:51:14.365,2.273166999405147,1.3484667292829496e-05,0.04492
2026-04-28T18:51:34.371,2.2705121052857655,1.3484667292829496e-05,0.043865
2026-04-28T18:51:54.376,2.269668417861685,1.3384013436915506e-05,0.045065
2026-04-28T18:52:14.381,2.2672314146953876,1.3284110893472988e-05,0.045810000000000003
2026-04-28T18:52:34.394,2.2634417429752647,1.3284110893472988e-05,0.04465
2026-04-28T18:52:54.403,2.2632301099868912,1.3184954054466059e-05,0.042995
2026-04-28T18:53:14.409,2.2628002067748456,1.3086537353719094e-05,0.043725
2026-04-28T18:53:34.414,2.2616561370446866,1.3284110893472988e-05,0.044225
2026-04-28T18:53:54.419,2.2596113944845273,1.3184954054466059e-05,0.044405
2026-04-28T18:54:14.424,2.256346348805924,1.3284110893472988e-05,0.04494
2026-04-28T18:54:34.440,2.2562716324999927,1.3184954054466059e-05,0.04523
2026-04-28T18:54:54.445,2.255379208805292,1.3284110893472988e-05,0.044985
2026-04-28T18:55:14.451,2.2532526386156677,1.2988855266604146e-05,0.04429
2026-04-28T18:55:34.456,2.251814065273552,1.3184954054466059e-05,0.04556
2026-04-28T18:55:54.461,2.2487988640951113,1.3184954054466059e-05,0.04421
2026-04-28T18:56:14.470,2.248648672942072,1.3184954054466059e-05,0.043585
2026-04-28T18:56:34.479,2.2485144111537494,1.2988855266604146e-05,0.047585
2026-04-28T18:56:54.484,2.246327821393497,1.3086537353719094e-05,0.045365
2026-04-28T18:57:14.489,2.243792492327135,1.3184954054466059e-05,0.0445
2026-04-28T18:57:34.501,2.2410445820959284,1.3184954054466059e-05,0.043785000000000004
2026-04-28T18:57:54.510,2.2381603240881622,1.3086537353719094e-05,0.047060000000000005
2026-04-28T18:58:14.515,2.234138633585535,1.3086537353719094e-05,0.04309
2026-04-28T18:58:34.523,2.2346141440858456,1.3086537353719094e-05,0.042745
2026-04-28T18:58:54.528,2.2346292200917377,1.3086537353719094e-05,0.043285000000000004
2026-04-28T18:59:14.534,2.2335142593792447,1.3086537353719094e-05,0.04344
2026-04-28T18:59:34.546,2.230006385706365,1.2988855266604146e-05,0.04369
2026-04-28T18:59:54.551,2.229456064082476,1.3086537353719094e-05,0.043835
2026-04-28T19:00:14.557,2.2296101427590473,1.2988855266604146e-05,0.046595
2026-04-28T19:00:34.563,2.2267253158453983,1.2988855266604146e-05,0.045450000000000004
2026-04-28T19:00:54.567,2.2260995193744013,1.2891902309730877e-05,0.043304999999999996
2026-04-28T19:01:14.576,2.222270213877782,1.2988855266604146e-05,0.043274999999999994
2026-04-28T19:01:34.587,2.221515465406701,1.2988855266604146e-05,0.042975
2026-04-28T19:01:54.592,2.22166205348915,1.2988855266604146e-05,0.043435
2026-04-28T19:02:14.597,2.220088080546945,1.2795673040638648e-05,0.04316
2026-04-28T19:02:34.603,2.2176851169159635,1.2795673040638648e-05,0.04257
2026-04-28T19:02:54.613,2.215081708778969,1.2795673040638648e-05,0.04202
2026-04-28T19:03:14.618,2.213081151242368,1.2605363998773106e-05,0.042480000000000004
2026-04-28T19:03:34.626,2.2123888876007394,1.2795673040638648e-05,0.042345
2026-04-28T19:03:54.631,2.2087413475336506,1.2700162057491157e-05,0.041915
2026-04-28T19:04:14.636,2.207894531127215,1.2795673040638648e-05,0.042335
2026-04-28T19:04:34.651,2.2088356910925357,1.2700162057491157e-05,0.04355
2026-04-28T19:04:54.657,2.20823587465685,1.2605363998773106e-05,0.042635
2026-04-28T19:05:14.662,2.2067790015088393,1.2605363998773106e-05,0.040944999999999995
2026-04-28T19:05:34.666,2.203229502888874,1.2605363998773106e-05,0.041795
2026-04-28T19:05:54.671,2.2019863487174733,1.2605363998773106e-05,0.04292
2026-04-28T19:06:14.680,2.2020727275940004,1.2605363998773106e-05,0.04205
2026-04-28T19:06:34.689,2.2013331499464583,1.2700162057491157e-05,0.04156
2026-04-28T19:06:54.694,2.1996654971688985,1.2605363998773106e-05,0.04141
2026-04-28T19:07:14.698,2.196156106413665,1.2605363998773106e-05,0.044219999999999995
2026-04-28T19:07:34.705,2.194457732718438,1.2605363998773106e-05,0.046255000000000004
2026-04-28T19:07:54.716,2.1928564522938627,1.2511273542989283e-05,0.042615
2026-04-28T19:08:14.721,2.1890235437266528,1.2511273542989283e-05,0.044155
2026-04-28T19:08:34.726,2.188191424055521,1.2511273542989283e-05,0.043655
2026-04-28T19:08:54.732,2.1883065326791256,1.2605363998773106e-05,0.04045
2026-04-28T19:09:14.737,2.186162326407137,1.2511273542989283e-05,0.039805
2026-04-28T19:09:34.746,2.1840233351057394,1.2605363998773106e-05,0.041870000000000004
2026-04-28T19:09:54.751,2.1821420581692164,1.2605363998773106e-05,0.042125
2026-04-28T19:10:14.755,2.1820282769926718,1.2511273542989283e-05,0.04136
2026-04-28T19:10:34.765,2.181457190304063,1.2417885408365733e-05,0.041909999999999996
2026-04-28T19:10:54.770,2.180245705226801,1.2511273542989283e-05,0.041505
2026-04-28T19:11:14.780,2.17664566880092,1.2511273542989283e-05,0.04136
2026-04-28T19:11:34.785,2.1752962240470977,1.2511273542989283e-05,0.041915
2026-04-28T19:11:54.790,2.1733247755281626,1.2417885408365733e-05,0.042545
2026-04-28T19:12:14.795,2.171825898162478,1.2417885408365733e-05,0.042655
2026-04-28T19:12:34.800,2.1697968005140935,1.2417885408365733e-05,0.041260000000000005
2026-04-28T19:12:54.809,2.1702869129320606,1.2511273542989283e-05,0.040555
2026-04-28T19:13:14.814,2.168962405219431,1.2325194352553424e-05,0.040900000000000006
2026-04-28T19:13:34.827,2.168117011077702,1.2325194352553424e-05,0.041645
2026-04-28T19:13:54.831,2.1668195263945016,1.2325194352553424e-05,0.041315000000000004
2026-04-28T19:14:14.836,2.1634941766923292,1.2325194352553424e-05,0.04141
2026-04-28T19:14:34.849,2.164145668745696,1.2141882703327068e-05,0.04042
2026-04-28T19:14:54.853,2.163984763198532,1.2325194352553424e-05,0.04008
2026-04-28T19:15:14.858,2.1625337687446433,1.2233195172333866e-05,0.040935
2026-04-28T19:15:34.863,2.1595694846427067,1.2233195172333866e-05,0.04007
2026-04-28T19:15:54.867,2.1567119652114286,1.2233195172333866e-05,0.04009
2026-04-28T19:16:14.876,2.1565127533348276,1.2141882703327068e-05,0.040405
2026-04-28T19:16:34.886,2.1563326946229453,1.2141882703327068e-05,0.040685
2026-04-28T19:16:54.890,2.1555931169754037,1.2233195172333866e-05,0.040139999999999995
2026-04-28T19:17:14.895,2.153154122638516,1.2233195172333866e-05,0.042235
2026-04-28T19:17:34.900,2.1503591828543374,1.2141882703327068e-05,0.040795
2026-04-28T19:17:54.909,2.149531329977326,1.2141882703327068e-05,0.040455000000000005
2026-04-28T19:18:14.913,2.1469267840285657,1.2141882703327068e-05,0.039040000000000005
2026-04-28T19:18:34.924,2.145399082098156,1.2051251819701552e-05,0.03966
2026-04-28T19:18:54.928,2.1422807193196487,1.2051251819701552e-05,0.03945
2026-04-28T19:19:14.933,2.1421914010960608,1.2051251819701552e-05,0.038274999999999997
2026-04-28T19:19:34.960,2.143040493126027,1.2051251819701552e-05,0.039675
2026-04-28T19:19:54.965,2.141579068730955,1.2141882703327068e-05,0.040139999999999995
2026-04-28T19:20:14.969,2.1403274757889608,1.2051251819701552e-05,0.039224999999999996
2026-04-28T19:20:34.974,2.1366439998336135,1.1872014496287342e-05,0.040145
2026-04-28T19:20:54.978,2.1357762287271647,1.1961297433886749e-05,0.03918
2026-04-28T19:21:14.987,2.1365307875629513,1.1961297433886749e-05,0.03847
2026-04-28T19:21:34.992,2.1349987240207744,1.2051251819701552e-05,0.04023
2026-04-28T19:21:54.997,2.1348514722147955,1.1872014496287342e-05,0.040295
2026-04-28T19:22:15.002,2.1301061334293427,1.1961297433886749e-05,0.038790000000000005
2026-04-28T19:22:35.007,2.1295871016290038,1.2051251819701552e-05,0.044024999999999995
2026-04-28T19:22:55.016,2.1275839840159305,1.2051251819701552e-05,0.040765
2026-04-28T19:23:15.020,2.125568066020496,1.1961297433886749e-05,0.03967
2026-04-28T19:23:35.025,2.123222372248376,1.1872014496287342e-05,0.041105
2026-04-28T19:23:55.029,2.1228887089481576,1.1961297433886749e-05,0.043145
2026-04-28T19:24:15.034,2.121136384011719,1.1961297433886749e-05,0.037004999999999996
2026-04-28T19:24:35.043,2.1192659162869676,1.1961297433886749e-05,0.03822
2026-04-28T19:24:55.048,2.117021298126678,1.2051251819701552e-05,0.037545
2026-04-28T19:25:15.053,2.115162872243111,1.1783397994999725e-05,0.03723
2026-04-28T19:25:35.059,2.1149827187135815,1.1961297433886749e-05,0.03906
2026-04-28T19:25:55.063,2.113532008712634,1.1783397994999725e-05,0.03881
2026-04-28T19:26:15.072,2.112793948147446,1.1783397994999725e-05,0.03891
2026-04-28T19:26:35.077,2.1092272875333515,1.1872014496287342e-05,0.03862
2026-04-28T19:26:55.081,2.1076805272558703,1.1872014496287342e-05,0.03752
2026-04-28T19:27:15.086,2.1071033722378463,1.1695442955530819e-05,0.037855
2026-04-28T19:27:35.091,2.106435192278586,1.1695442955530819e-05,0.0391
2026-04-28T19:27:55.100,2.105700071060459,1.1783397994999725e-05,0.038445
2026-04-28T19:28:15.105,2.1043407652713357,1.1695442955530819e-05,0.03688
2026-04-28T19:28:35.116,2.100997115763269,1.1695442955530819e-05,0.03726
2026-04-28T19:28:55.120,2.1010953468456863,1.1521497549455582e-05,0.03725
2026-04-28T19:29:15.125,2.098493929879281,1.1521497549455582e-05,0.037919999999999995
2026-04-28T19:29:35.139,2.096793280560523,1.1608144440518717e-05,0.03687
2026-04-28T19:29:55.144,2.0946253698767543,1.1608144440518717e-05,0.03697
2026-04-28T19:30:15.148,2.094340916935392,1.1521497549455582e-05,0.037515
2026-04-28T19:30:35.153,2.0940573173528536,1.1521497549455582e-05,0.036485000000000004
2026-04-28T19:30:55.157,2.0936771934055467,1.1521497549455582e-05,0.037975
2026-04-28T19:31:15.166,2.092396870716475,1.1435497418412456e-05,0.037015
2026-04-28T19:31:35.171,2.089106982814326,1.1521497549455582e-05,0.036919999999999994
2026-04-28T19:31:55.175,2.0873966620955615,1.1521497549455582e-05,0.0368
2026-04-28T19:32:15.181,2.088500149872753,1.1608144440518717e-05,0.03723
2026-04-28T19:32:35.189,2.0880381982959806,1.1435497418412456e-05,0.036735000000000004
2026-04-28T19:32:55.199,2.0868692863422758,1.1608144440518717e-05,0.036925
2026-04-28T19:33:15.203,2.0856041344767435,1.1435497418412456e-05,0.03674
2026-04-28T19:33:35.219,2.082981762810325,1.1350139219766374e-05,0.036504999999999996
2026-04-28T19:33:55.223,2.0801888141967355,1.1435497418412456e-05,0.036655
2026-04-28T19:34:15.228,2.0784305157485283,1.1350139219766374e-05,0.036
2026-04-28T19:34:35.237,2.0771030686888374,1.1350139219766374e-05,0.04081
2026-04-28T19:34:55.241,2.073943270598538,1.1435497418412456e-05,0.040345
2026-04-28T19:35:15.246,2.0748843357462117,1.1435497418412456e-05,0.03819
2026-04-28T19:35:35.251,2.0734149466687812,1.1435497418412456e-05,0.0386
2026-04-28T19:35:55.256,2.0726276757447377,1.1435497418412456e-05,0.0356
2026-04-28T19:36:15.264,2.070867670578882,1.1350139219766374e-05,0.037469999999999996
2026-04-28T19:36:35.268,2.0670713616234613,1.1435497418412456e-05,0.034555
2026-04-28T19:36:55.273,2.06611275521107,1.1435497418412456e-05,0.03696
2026-04-28T19:37:15.277,2.066692091034978,1.1350139219766374e-05,0.037055
2026-04-28T19:37:35.287,2.066565604293719,1.1265418161929257e-05,0.038029999999999994
2026-04-28T19:37:55.296,2.06373378044481,1.1350139219766374e-05,0.037385
2026-04-28T19:38:15.301,2.0604710103897377,1.1265418161929257e-05,0.03615
2026-04-28T19:38:35.307,2.0607754698546428,1.1097868480892383e-05,0.036559999999999995
2026-04-28T19:38:55.315,2.0596376580891933,1.1181329489078996e-05,0.037765
2026-04-28T19:39:15.320,2.0597917367657645,1.1181329489078996e-05,0.03644
2026-04-28T19:39:35.335,2.0584520582295953,1.1181329489078996e-05,0.036365
2026-04-28T19:39:55.340,2.056717274557874,1.1181329489078996e-05,0.03511
2026-04-28T19:40:15.344,2.0540623804384928,1.1181329489078996e-05,0.0349
2026-04-28T19:40:35.359,2.052961263102479,1.1097868480892383e-05,0.036285
2026-04-28T19:40:55.363,2.0520712098489566,1.1097868480892383e-05,0.036175
2026-04-28T19:41:15.372,2.04920638945885,1.1015030452280277e-05,0.036045
2026-04-28T19:41:35.376,2.0473303274929187,1.1097868480892383e-05,0.035070000000000004
2026-04-28T19:41:55.384,2.047451599263586,1.1015030452280277e-05,0.035465
2026-04-28T19:42:15.388,2.047102765139829,1.0932810753124512e-05,0.035765000000000005
2026-04-28T19:42:35.402,2.04628173913341,1.1015030452280277e-05,0.036015000000000005
2026-04-28T19:42:55.411,2.045130558079717,1.1015030452280277e-05,0.03567
2026-04-28T19:43:15.415,2.0418664605775847,1.0932810753124512e-05,0.035415
2026-04-28T19:43:35.420,2.040275894547134,1.0932810753124512e-05,0.034995
2026-04-28T19:43:55.424,2.038960678963922,1.0932810753124512e-05,0.035355
2026-04-28T19:44:15.428,2.0400483321940444,1.0932810753124512e-05,0.034805
2026-04-28T19:44:35.438,2.0387342544225975,1.0851204768016911e-05,0.036135
2026-04-28T19:44:55.443,2.037317583956966,1.0851204768016911e-05,0.035795
2026-04-28T19:45:15.447,2.0339604703430085,1.0851204768016911e-05,0.035465
2026-04-28T19:45:35.461,2.0321405404241726,1.0770207916000106e-05,0.036109999999999996
2026-04-28T19:45:55.465,2.030167859275825,1.0770207916000106e-05,0.036345
2026-04-28T19:46:15.474,2.0291443027751566,1.0851204768016911e-05,0.037495
2026-04-28T19:46:35.478,2.027507370915264,1.0932810753124512e-05,0.039215
2026-04-28T19:46:55.482,2.026413554538079,1.0932810753124512e-05,0.035745
2026-04-28T19:47:15.487,2.0255412321845676,1.0770207916000106e-05,0.034460000000000005
2026-04-28T19:47:35.493,2.025224256790243,1.0851204768016911e-05,0.03403
2026-04-28T19:47:55.502,2.022981155712307,1.0851204768016911e-05,0.033155000000000004
2026-04-28T19:48:15.506,2.020488210134208,1.0770207916000106e-05,0.034960000000000005
2026-04-28T19:48:35.511,2.018619543944752,1.0770207916000106e-05,0.035925
2026-04-28T19:48:55.515,2.0188843696331604,1.0770207916000106e-05,0.032665
2026-04-28T19:49:15.520,2.016931789826003,1.0770207916000106e-05,0.03549
2026-04-28T19:49:35.529,2.016167275137268,1.0770207916000106e-05,0.03508
2026-04-28T19:49:55.533,2.013821771000442,1.0689815650310523e-05,0.034710000000000005
2026-04-28T19:50:15.538,2.011978421122767,1.0689815650310523e-05,0.03558
2026-04-28T19:50:35.542,2.0105790074689116,1.0770207916000106e-05,0.034715
2026-04-28T19:50:55.546,2.010332481586398,1.0689815650310523e-05,0.033245000000000004
2026-04-28T19:51:15.555,2.0082801536144688,1.0689815650310523e-05,0.034355000000000004
2026-04-28T19:51:35.559,2.0049278757005142,1.061002345812306e-05,0.03406
2026-04-28T19:51:55.563,2.0055630591185762,1.061002345812306e-05,0.03384
2026-04-28T19:52:15.567,2.0049468392299383,1.061002345812306e-05,0.034025
2026-04-28T19:52:35.572,2.0044309364119544,1.061002345812306e-05,0.034335
2026-04-28T19:52:55.580,2.0027849968755853,1.061002345812306e-05,0.033165
2026-04-28T19:53:15.584,2.0010345682920887,1.061002345812306e-05,0.0333
2026-04-28T19:53:35.589,1.9990302180496031,1.061002345812306e-05,0.03456
2026-04-28T19:53:55.594,1.9978544792253057,1.0530826860297799e-05,0.033305
2026-04-28T19:54:15.598,1.9978268872899934,1.0530826860297799e-05,0.03325
2026-04-28T19:54:35.613,1.9982527133432129,1.0530826860297799e-05,0.033715
2026-04-28T19:54:55.617,1.9974495130544527,1.0530826860297799e-05,0.033139999999999996
2026-04-28T19:55:15.622,1.9952185486353484,1.0452221411128487e-05,0.034115
2026-04-28T19:55:35.627,1.9929776283632963,1.0452221411128487e-05,0.033595
2026-04-28T19:55:55.631,1.9933032321635091,1.0452221411128487e-05,0.034475
2026-04-28T19:56:15.640,1.9914681314211338,1.0452221411128487e-05,0.03367
2026-04-28T19:56:35.644,1.9906104109852796,1.0452221411128487e-05,0.033525
2026-04-28T19:56:55.649,1.9902794025791808,1.0452221411128487e-05,0.033479999999999996
2026-04-28T19:57:15.653,1.9887709486311367,1.0374202698093108e-05,0.03325
2026-04-28T19:57:35.670,1.9861282859882339,1.0374202698093108e-05,0.03375
2026-04-28T19:57:55.680,1.9855850756878792,1.0452221411128487e-05,0.03379
2026-04-28T19:58:15.685,1.9836187473218887,1.0374202698093108e-05,0.033705
2026-04-28T19:58:35.690,1.9825509109800148,1.0374202698093108e-05,0.033165
2026-04-28T19:58:55.695,1.9798450049664824,1.0219907994772508e-05,0.035004999999999994
2026-04-28T19:59:15.700,1.9789288768600017,1.029676634160611e-05,0.033284999999999995
2026-04-28T19:59:35.709,1.979599711713381,1.029676634160611e-05,0.03591
2026-04-28T19:59:55.715,1.9795736368604229,1.0374202698093108e-05,0.034975
2026-04-28T20:00:15.720,1.9772790498001005,1.0374202698093108e-05,0.03321
2026-04-28T20:00:35.726,1.975958050340414,1.029676634160611e-05,0.033355
2026-04-28T20:00:55.731,1.9735432345035426,1.0374202698093108e-05,0.034615
2026-04-28T20:01:15.741,1.9735239865211769,1.0374202698093108e-05,0.032529999999999996
2026-04-28T20:01:35.746,1.9721968239144276,1.0374202698093108e-05,0.033845
2026-04-28T20:01:55.752,1.9719767521554603,1.029676634160611e-05,0.03301
2026-04-28T20:02:15.757,1.970490106266254,1.0219907994772508e-05,0.03466
2026-04-28T20:02:35.767,1.966995412246324,1.0219907994772508e-05,0.032545000000000004
2026-04-28T20:02:55.781,1.9654458074394296,1.0219907994772508e-05,0.03204
2026-04-28T20:03:15.788,1.96575007726904,1.0143623343143984e-05,0.033699999999999994
2026-04-28T20:03:35.794,1.9660147133221542,1.0143623343143984e-05,0.033745000000000004
2026-04-28T20:03:55.801,1.9649764600861817,1.0219907994772508e-05,0.033139999999999996
2026-04-28T20:04:15.807,1.9639287250854973,1.0219907994772508e-05,0.033225
2026-04-28T20:04:35.816,1.9613159300014376,1.0143623343143984e-05,0.032600000000000004
2026-04-28T20:04:55.821,1.960154982730091,1.0143623343143984e-05,0.032955
2026-04-28T20:05:15.826,1.9601838072948157,1.0067908104476619e-05,0.032685000000000006
2026-04-28T20:05:35.832,1.959149915670611,1.0067908104476619e-05,0.032735
2026-04-28T20:05:55.837,1.9589573410293086,1.0067908104476619e-05,0.03267
2026-04-28T20:06:15.846,1.9576897239049513,1.0067908104476619e-05,0.0318
2026-04-28T20:06:35.852,1.9570516011398285,1.0067908104476619e-05,0.031865
2026-04-28T20:06:55.857,1.9543711062557247,1.0143623343143984e-05,0.03195
2026-04-28T20:07:15.863,1.9529867686077615,9.99275802849055e-06,0.031724999999999996
2026-04-28T20:07:35.869,1.951938180248253,1.0067908104476619e-05,0.0324
2026-04-28T20:07:55.879,1.9516024309597984,9.99275802849055e-06,0.032805
2026-04-28T20:08:15.885,1.9479191446397452,9.99275802849055e-06,0.03193
2026-04-28T20:08:35.890,1.9467098403683671,9.918168896631295e-06,0.03295
2026-04-28T20:08:55.895,1.946579466103576,9.918168896631295e-06,0.032
2026-04-28T20:09:15.900,1.9459133721325528,9.918168896631295e-06,0.032715
2026-04-28T20:09:35.909,1.944824675908312,9.844136521833068e-06,0.031069999999999997
2026-04-28T20:09:55.914,1.943694639189927,9.844136521833068e-06,0.03238
2026-04-28T20:10:15.919,1.9426925114775075,9.844136521833068e-06,0.03177
2026-04-28T20:10:35.937,1.9395605897754618,9.844136521833068e-06,0.03123
2026-04-28T20:10:55.943,1.9388621629867702,9.77065674828366e-06,0.032295000000000004
2026-04-28T20:11:15.951,1.9382900333040436,9.918168896631295e-06,0.031285
2026-04-28T20:11:35.956,1.9364280991675331,9.77065674828366e-06,0.03279
2026-04-28T20:11:55.960,1.9343266556543959,9.77065674828366e-06,0.03054
2026-04-28T20:12:15.965,1.9323165215354356,9.77065674828366e-06,0.03296
2026-04-28T20:12:35.979,1.9319184770528226,9.844136521833068e-06,0.034885
2026-04-28T20:12:55.991,1.9320320685940735,9.844136521833068e-06,0.03406
2026-04-28T20:13:15.996,1.9311448598699643,9.697725451191187e-06,0.032119999999999996
2026-04-28T20:13:36.001,1.9299081532985685,9.77065674828366e-06,0.033625
2026-04-28T20:13:56.006,1.9280881285620852,9.844136521833068e-06,0.03416
2026-04-28T20:14:16.011,1.9263809368256761,9.77065674828366e-06,0.030209999999999997
2026-04-28T20:14:36.027,1.9274277236498891,9.77065674828366e-06,0.031164999999999998
2026-04-28T20:14:56.033,1.925129343883682,9.77065674828366e-06,0.03053
2026-04-28T20:15:16.038,1.924389861053787,9.697725451191187e-06,0.031224999999999996
2026-04-28T20:15:36.055,1.922872683882208,9.697725451191187e-06,0.030395
2026-04-28T20:15:56.061,1.9210500990692525,9.77065674828366e-06,0.030095
2026-04-28T20:16:16.070,1.9209573674103686,9.697725451191187e-06,0.030314999999999998
2026-04-28T20:16:36.075,1.921408604593016,9.697725451191187e-06,0.032275
2026-04-28T20:16:56.080,1.9204074250570682,9.697725451191187e-06,0.033095
2026-04-28T20:17:16.084,1.91833300457336,9.697725451191187e-06,0.030809999999999997
2026-04-28T20:17:36.089,1.9180369838790492,9.625338536552465e-06,0.030559999999999997
2026-04-28T20:17:56.101,1.915974415601231,9.697725451191187e-06,0.030614999999999996
2026-04-28T20:18:16.107,1.9137322626997666,9.625338536552465e-06,0.03061
2026-04-28T20:18:36.112,1.9113515812158584,9.625338536552465e-06,0.03153
2026-04-28T20:18:56.117,1.911039441521537,9.697725451191187e-06,0.030135000000000002
2026-04-28T20:19:16.122,1.911532493286565,9.625338536552465e-06,0.030180000000000002
2026-04-28T20:19:36.131,1.9072948081837966,9.625338536552465e-06,0.02994
2026-04-28T20:19:56.134,1.90593825210644,9.482181631190389e-06,0.030580000000000003
2026-04-28T20:20:16.140,1.9062570290360599,9.482181631190389e-06,0.03012
2026-04-28T20:20:36.145,1.9059761791652883,9.625338536552465e-06,0.030969999999999998
2026-04-28T20:20:56.149,1.9056532302591949,9.482181631190389e-06,0.030764999999999997
2026-04-28T20:21:16.159,1.9052934921060187,9.553491940923317e-06,0.030385000000000002
2026-04-28T20:21:36.164,1.9031814290164037,9.482181631190389e-06,0.030105
2026-04-28T20:21:56.168,1.9003060838674668,9.482181631190389e-06,0.030095
2026-04-28T20:22:16.173,1.8999737480143084,9.482181631190389e-06,0.03123
2026-04-28T20:22:36.177,1.898694183866414,9.482181631190389e-06,0.02952
2026-04-28T20:22:56.187,1.8995020302198826,9.482181631190389e-06,0.03019
2026-04-28T20:23:16.191,1.8979356426894478,9.41140360434479e-06,0.029580000000000002
2026-04-28T20:23:36.196,1.8965702685709087,9.341153887257306e-06,0.02964
2026-04-28T20:23:56.200,1.8957471565762534,9.41140360434479e-06,0.029330000000000002
2026-04-28T20:24:16.205,1.8930430520980166,9.41140360434479e-06,0.02962
2026-04-28T20:24:36.214,1.8915583025617524,9.41140360434479e-06,0.029709999999999997
2026-04-28T20:24:56.219,1.8915638968029327,9.482181631190389e-06,0.03009
2026-04-28T20:25:16.224,1.8916903835441916,9.41140360434479e-06,0.03178
2026-04-28T20:25:36.248,1.8874108838590433,9.271428536455485e-06,0.03394
2026-04-28T20:25:56.253,1.8854448399459942,9.341153887257306e-06,0.030895
2026-04-28T20:26:16.261,1.8857989838579903,9.482181631190389e-06,0.031045
2026-04-28T20:26:36.272,1.8850674657104536,9.41140360434479e-06,0.032325
2026-04-28T20:26:56.280,1.8857989838579903,9.341153887257306e-06,0.02937
2026-04-28T20:27:16.285,1.8842561111040412,9.41140360434479e-06,0.02781
2026-04-28T20:27:36.289,1.8802047426778654,9.41140360434479e-06,0.030295
2026-04-28T20:27:56.299,1.8796521454304456,9.341153887257306e-06,0.031114999999999997
2026-04-28T20:28:16.304,1.8789910767947198,9.41140360434479e-06,0.028715
2026-04-28T20:28:36.309,1.878067173641175,9.271428536455485e-06,0.031215
2026-04-28T20:28:56.313,1.878156681500057,9.341153887257306e-06,0.030295
2026-04-28T20:29:16.318,1.8779480826763915,9.202223637902187e-06,0.030585
2026-04-28T20:29:36.326,1.8755387662630527,9.341153887257306e-06,0.029935
2026-04-28T20:29:56.331,1.8717090814958453,9.202223637902187e-06,0.030045
2026-04-28T20:30:16.336,1.8714065183838828,9.271428536455485e-06,0.028115
2026-04-28T20:30:36.340,1.872183169731449,9.133535306775917e-06,0.029115000000000002
2026-04-28T20:30:56.345,1.8713687809603288,9.202223637902187e-06,0.028394999999999997
2026-04-28T20:31:16.354,1.870685050906941,9.133535306775917e-06,0.028460000000000003
2026-04-28T20:31:36.359,1.8699913650006055,9.133535306775917e-06,0.029215
2026-04-28T20:31:56.364,1.8680111932581356,9.202223637902187e-06,0.02928
2026-04-28T20:32:16.369,1.86608554166276,9.202223637902187e-06,0.029685
2026-04-28T20:32:36.373,1.8654511167858752,9.133535306775917e-06,0.028715
2026-04-28T20:32:56.382,1.8637835588259621,9.133535306775917e-06,0.029355
2026-04-28T20:33:16.386,1.8639340344319428,9.133535306775917e-06,0.02991
2026-04-28T20:33:36.394,1.8612601767831374,9.133535306775917e-06,0.028375
2026-04-28T20:33:56.399,1.858255026275292,9.065359687252666e-06,0.028585
2026-04-28T20:34:16.403,1.8586242461931803,9.065359687252666e-06,0.02804
2026-04-28T20:34:36.413,1.8581040765810757,8.997692952289586e-06,0.028449999999999996
2026-04-28T20:34:56.418,1.8577519238396694,8.997692952289586e-06,0.02863
2026-04-28T20:35:16.422,1.8567455293331294,9.133535306775917e-06,0.029225
2026-04-28T20:35:36.428,1.856595148544796,8.997692952289586e-06,0.0295
2026-04-28T20:35:56.433,1.8548209207318722,8.997692952289586e-06,0.028699999999999996
2026-04-28T20:36:16.441,1.852100792071272,9.065359687252666e-06,0.02894
2026-04-28T20:36:36.454,1.8515000274591147,9.065359687252666e-06,0.02838
2026-04-28T20:36:56.459,1.851854266188758,8.997692952289586e-06,0.028394999999999997
2026-04-28T20:37:16.463,1.8521981697948648,8.930531303410092e-06,0.028904999999999997
2026-04-28T20:37:36.468,1.851114688541216,8.930531303410092e-06,0.028775000000000002
2026-04-28T20:37:56.477,1.8490848323516547,8.930531303410092e-06,0.02816
2026-04-28T20:38:16.481,1.8484029038335623,8.930531303410092e-06,0.02706
2026-04-28T20:38:36.486,1.8455583744199395,9.065359687252666e-06,0.03252
2026-04-28T20:38:56.490,1.8446318163722752,8.997692952289586e-06,0.029815
2026-04-28T20:39:16.495,1.8445343438310353,8.863870970490584e-06,0.030459999999999997
2026-04-28T20:39:36.508,1.8439902801718562,8.930531303410092e-06,0.0294
2026-04-28T20:39:56.513,1.843112079124224,8.930531303410092e-06,0.0301
2026-04-28T20:40:16.518,1.8403674875106661,8.930531303410092e-06,0.027715
2026-04-28T20:40:36.524,1.8390538838274553,8.930531303410092e-06,0.02617
2026-04-28T20:40:56.528,1.837914554979652,8.930531303410092e-06,0.02752
2026-04-28T20:41:16.537,1.8368351508848295,8.863870970490584e-06,0.027995
2026-04-28T20:41:36.547,1.8354050163133069,8.863870970490584e-06,0.029185
2026-04-28T20:41:56.551,1.8323787214701537,8.863870970490584e-06,0.028055000000000004
2026-04-28T20:42:16.555,1.8314048494165762,8.797708211548926e-06,0.02912
2026-04-28T20:42:36.566,1.8318856697051258,8.797708211548926e-06,0.029835
2026-04-28T20:42:56.574,1.8314614555519073,8.797708211548926e-06,0.02727
2026-04-28T20:43:16.579,1.832037377940519,8.863870970490584e-06,0.026445000000000003
2026-04-28T20:43:36.583,1.8307444445043801,8.797708211548926e-06,0.02765
2026-04-28T20:43:56.588,1.829932426174438,8.797708211548926e-06,0.027155000000000002
2026-04-28T20:44:16.592,1.8283669868204742,8.732039312534306e-06,0.027325
2026-04-28T20:44:36.606,1.8258931944070937,8.666860587118794e-06,0.027815
2026-04-28T20:44:56.610,1.8250460935477166,8.666860587118794e-06,0.026740000000000003
2026-04-28T20:45:16.615,1.8258363038188212,8.732039312534306e-06,0.027255
2026-04-28T20:45:36.635,1.824725325447507,8.666860587118794e-06,0.028325
2026-04-28T20:45:56.639,1.825305324994945,8.732039312534306e-06,0.02826
2026-04-28T20:46:16.647,1.823498859182,8.666860587118794e-06,0.02794
2026-04-28T20:46:36.652,1.8230865920523192,8.60216837649033e-06,0.028525000000000002
2026-04-28T20:46:56.657,1.819597302638275,8.666860587118794e-06,0.026985
2026-04-28T20:47:16.661,1.8182533573079853,8.60216837649033e-06,0.027475
2026-04-28T20:47:36.666,1.8173785696956493,8.666860587118794e-06,0.026379999999999997
2026-04-28T20:47:56.675,1.816913678771816,8.666860587118794e-06,0.027065
2026-04-28T20:48:16.679,1.816070086165383,8.60216837649033e-06,0.02756
2026-04-28T20:48:36.684,1.813875816175714,8.60216837649033e-06,0.027129999999999998
2026-04-28T20:48:56.689,1.8123911614570973,8.60216837649033e-06,0.027805000000000003
2026-04-28T20:49:16.693,1.8129135118750854,8.666860587118794e-06,0.02743
2026-04-28T20:49:36.703,1.8118032920449485,8.60216837649033e-06,0.02756
2026-04-28T20:49:56.707,1.8123153073394007,8.60216837649033e-06,0.026879999999999998
2026-04-28T20:50:16.711,1.8124417940806596,8.537959049147448e-06,0.02692
2026-04-28T20:50:36.716,1.811348167338769,8.537959049147448e-06,0.027174999999999998
2026-04-28T20:50:56.721,1.8083284149132668,8.666860587118794e-06,0.027139999999999997
2026-04-28T20:51:16.730,1.807119300277183,8.474229000695352e-06,0.02707
2026-04-28T20:51:36.743,1.8059320885175838,8.537959049147448e-06,0.027715
2026-04-28T20:51:56.748,1.8064366132179135,8.60216837649033e-06,0.027765
2026-04-28T20:52:16.752,1.8050829964876174,8.537959049147448e-06,0.027989999999999998
2026-04-28T20:52:36.758,1.8059625249823097,8.537959049147448e-06,0.02756
2026-04-28T20:52:56.767,1.8043282480165361,8.537959049147448e-06,0.02633
2026-04-28T20:53:16.771,1.8030990320392628,8.537959049147448e-06,0.026640000000000004
2026-04-28T20:53:36.778,1.8004978995257988,8.537959049147448e-06,0.02695
2026-04-28T20:53:56.783,1.79902187321307,8.410974653643611e-06,0.02642
2026-04-28T20:54:16.787,1.7990827461425214,8.474229000695352e-06,0.02732
2026-04-28T20:54:36.797,1.7998183414488844,8.474229000695352e-06,0.029465
2026-04-28T20:54:56.801,1.7986110283480956,8.410974653643611e-06,0.029644999999999998
2026-04-28T20:55:16.805,1.7968221037998684,8.410974653643611e-06,0.02805
2026-04-28T20:55:36.810,1.7964617967408094,8.474229000695352e-06,0.026805000000000002
2026-04-28T20:55:56.815,1.7938749816920607,8.474229000695352e-06,0.02472
2026-04-28T20:56:16.827,1.7924415285028892,8.474229000695352e-06,0.026739999999999996
2026-04-28T20:56:36.831,1.7914220491610466,8.474229000695352e-06,0.025674999999999996
2026-04-28T20:56:56.836,1.7903365767368082,8.410974653643611e-06,0.02693
2026-04-28T20:57:16.841,1.788629479818046,8.348192457205272e-06,0.026615
2026-04-28T20:57:36.849,1.786069782616374,8.410974653643611e-06,0.02665
2026-04-28T20:57:56.858,1.7860633350163697,8.474229000695352e-06,0.027095
2026-04-28T20:58:16.863,1.7855388037924977,8.410974653643611e-06,0.025875
2026-04-28T20:58:36.867,1.785629354645498,8.348192457205272e-06,0.02702
2026-04-28T20:58:56.871,1.7842872108505037,8.285878887097642e-06,0.027989999999999998
2026-04-28T20:59:16.876,1.7835537963500245,8.285878887097642e-06,0.025685000000000003
2026-04-28T20:59:36.883,1.7841165390856863,8.348192457205272e-06,0.025130000000000003
2026-04-28T20:59:56.888,1.7804027214832603,8.348192457205272e-06,0.02462
2026-04-28T21:00:16.892,1.7782378449641991,8.348192457205272e-06,0.026074999999999997
2026-04-28T21:00:36.907,1.7792328613530843,8.348192457205272e-06,0.025515
2026-04-28T21:00:56.912,1.7794894379061932,8.348192457205272e-06,0.0253
2026-04-28T21:01:16.921,1.7791860214354067,8.285878887097642e-06,0.025259999999999998
2026-04-28T21:01:36.925,1.7785347190173342,8.348192457205272e-06,0.02632
2026-04-28T21:01:56.930,1.7774982673166573,8.285878887097642e-06,0.030095
2026-04-28T21:02:16.934,1.7761949987569823,8.285878887097642e-06,0.027515
2026-04-28T21:02:36.938,1.7747485555501552,8.22403044534438e-06,0.02423
2026-04-28T21:02:56.946,1.7715532956598325,8.22403044534438e-06,0.02525
2026-04-28T21:03:16.950,1.7707851779005075,8.285878887097642e-06,0.027200000000000002
2026-04-28T21:03:36.972,1.7698739803116768,8.285878887097642e-06,0.025595
2026-04-28T21:03:56.976,1.768623335546154,8.22403044534438e-06,0.02702
2026-04-28T21:04:16.980,1.7659492882620542,8.22403044534438e-06,0.026074999999999997
2026-04-28T21:04:36.988,1.7654374626028966,8.22403044534438e-06,0.024305
2026-04-28T21:04:56.993,1.7647794281318783,8.22403044534438e-06,0.026055000000000002
2026-04-28T21:05:16.997,1.7651530096615342,8.22403044534438e-06,0.025805
2026-04-28T21:05:37.003,1.76412897907263,8.16264366007917e-06,0.024795
2026-04-28T21:05:57.008,1.7625151827186345,8.22403044534438e-06,0.02505
2026-04-28T21:06:17.018,1.7631808026014224,8.22403044534438e-06,0.025424999999999996
2026-04-28T21:06:37.023,1.7606471802527084,8.101715085350765e-06,0.024925
2026-04-28T21:06:57.028,1.7578330873038115,8.22403044534438e-06,0.025280000000000004
2026-04-28T21:07:17.035,1.757364024403505,8.041241300929646e-06,0.02484
2026-04-28T21:07:37.040,1.7576434520095698,8.101715085350765e-06,0.0254
2026-04-28T21:07:57.049,1.7588735213456674,8.16264366007917e-06,0.025415
2026-04-28T21:08:17.054,1.7574348531859043,8.101715085350765e-06,0.02544
2026-04-28T21:08:37.060,1.756524603773545,8.101715085350765e-06,0.024204999999999997
2026-04-28T21:08:57.065,1.7570432563032954,8.16264366007917e-06,0.02449
2026-04-28T21:09:17.070,1.7543627614191917,8.16264366007917e-06,0.0273
2026-04-28T21:09:37.082,1.7521185225294902,8.101715085350765e-06,0.027555000000000003
2026-04-28T21:09:57.087,1.7517457943586585,8.101715085350765e-06,0.026369999999999998
2026-04-28T21:10:17.092,1.750816581416875,8.101715085350765e-06,0.025355
2026-04-28T21:10:37.097,1.7504373108283922,8.16264366007917e-06,0.025865
2026-04-28T21:10:57.103,1.7463824341492726,8.101715085350765e-06,0.024315
2026-04-28T21:11:17.112,1.7453930120015677,8.101715085350765e-06,0.0222
2026-04-28T21:11:37.117,1.7446087752422317,8.041241300929646e-06,0.025665
2026-04-28T21:11:57.122,1.7454119755309918,8.041241300929646e-06,0.026375
2026-04-28T21:12:17.127,1.7450137414130846,8.101715085350765e-06,0.0252
2026-04-28T21:12:37.133,1.7446276439540087,8.041241300929646e-06,0.024715
2026-04-28T21:12:57.143,1.7441034920007252,8.041241300929646e-06,0.0254
2026-04-28T21:13:17.148,1.7416652562050148,8.041241300929646e-06,0.02507
2026-04-28T21:13:37.153,1.738850594350235,8.101715085350765e-06,0.025685000000000003
2026-04-28T21:13:57.159,1.7392689298093318,7.981218912115977e-06,0.024605
2026-04-28T21:14:17.163,1.738092053173269,7.921644549548997e-06,0.023875
2026-04-28T21:14:37.181,1.7379103825613855,7.921644549548997e-06,0.024055
2026-04-28T21:14:57.186,1.737712782584786,7.981218912115977e-06,0.023985
2026-04-28T21:15:17.191,1.737646220596507,7.921644549548997e-06,0.024215
2026-04-28T21:15:37.196,1.7377886367024826,8.041241300929646e-06,0.023135
2026-04-28T21:15:57.201,1.7362121985014527,7.921644549548997e-06,0.024145
2026-04-28T21:16:17.211,1.7342993472884385,7.862514869017975e-06,0.024155
2026-04-28T21:16:37.217,1.7323252438753842,7.921644549548997e-06,0.025640000000000003
2026-04-28T21:16:57.222,1.7322133590517819,7.921644549548997e-06,0.025495
2026-04-28T21:17:17.227,1.7317969199456273,7.921644549548997e-06,0.023469999999999998
2026-04-28T21:17:37.232,1.7318151249338747,7.921644549548997e-06,0.02425
2026-04-28T21:17:57.245,1.7308157469332217,7.921644549548997e-06,0.024104999999999998
2026-04-28T21:18:17.250,1.7290464496379485,7.862514869017975e-06,0.024495
2026-04-28T21:18:37.265,1.7290420880261808,7.862514869017975e-06,0.02313
2026-04-28T21:18:57.270,1.7264674096362638,7.803826551274418e-06,0.024585000000000003
2026-04-28T21:19:17.277,1.7234380806284024,7.862514869017975e-06,0.02355
2026-04-28T21:19:37.285,1.7243055672819103,7.862514869017975e-06,0.023935
2026-04-28T21:19:57.290,1.7233059996459632,7.803826551274418e-06,0.02311
2026-04-28T21:20:17.296,1.722390250810071,7.803826551274418e-06,0.024195
2026-04-28T21:20:37.301,1.721343653621152,7.803826551274418e-06,0.023905
2026-04-28T21:20:57.306,1.7195267578670241,7.921644549548997e-06,0.024210000000000002
2026-04-28T21:21:17.315,1.7181171039072796,7.862514869017975e-06,0.02393
2026-04-28T21:21:37.324,1.7181044931602127,7.803826551274418e-06,0.023575
2026-04-28T21:21:57.329,1.7176831235364078,7.803826551274418e-06,0.023485
2026-04-28T21:22:17.334,1.7195646849258723,7.803826551274418e-06,0.02387
2026-04-28T21:22:37.340,1.7167580825710977,7.74557630184578e-06,0.023975
2026-04-28T21:22:57.349,1.7163434450002386,7.803826551274418e-06,0.024115
2026-04-28T21:23:17.354,1.7152410002171656,7.687760850850459e-06,0.024535
2026-04-28T21:23:37.359,1.7143433615518733,7.803826551274418e-06,0.023645
2026-04-28T21:23:57.364,1.7111448778615488,7.803826551274418e-06,0.023705
2026-04-28T21:24:17.369,1.7106450940435751,7.74557630184578e-06,0.023795
2026-04-28T21:24:37.378,1.711675856685425,7.803826551274418e-06,0.02417
2026-04-28T21:24:57.390,1.7107583063142373,7.687760850850459e-06,0.024024999999999998
2026-04-28T21:25:17.395,1.7110121331555797,7.74557630184578e-06,0.025280000000000004
2026-04-28T21:25:37.399,1.7094563652016221,7.74557630184578e-06,0.024115
2026-04-28T21:25:57.404,1.7091537072720129,7.74557630184578e-06,0.02518
2026-04-28T21:26:17.412,1.70641850260552,7.63037695281434e-06,0.023965
2026-04-28T21:26:37.422,1.705436855504879,7.573421386488547e-06,0.023745
2026-04-28T21:26:57.426,1.7050222179340198,7.74557630184578e-06,0.023594999999999998
2026-04-28T21:27:17.431,1.7026112896206802,7.687760850850459e-06,0.022955
2026-04-28T21:27:37.441,1.7014924413846553,7.687760850850459e-06,0.023055
2026-04-28T21:27:57.450,1.7025315479794516,7.687760850850459e-06,0.02301
2026-04-28T21:28:17.455,1.6986479119710325,7.63037695281434e-06,0.02717
2026-04-28T21:28:37.460,1.697908713594079,7.687760850850459e-06,0.026365
2026-04-28T21:28:57.464,1.6979083343234906,7.63037695281434e-06,0.02376
2026-04-28T21:29:17.469,1.69675772217568,7.687760850850459e-06,0.024509999999999997
2026-04-28T21:29:37.479,1.6961826531458928,7.63037695281434e-06,0.026355
2026-04-28T21:29:57.484,1.6958331552986055,7.687760850850459e-06,0.021235
2026-04-28T21:30:17.489,1.695101731968716,7.63037695281434e-06,0.02345
2026-04-28T21:30:37.498,1.6915310890134423,7.687760850850459e-06,0.02332
2026-04-28T21:30:57.503,1.6911952449073406,7.63037695281434e-06,0.020999999999999998
2026-04-28T21:31:17.512,1.6908895528130232,7.573421386488547e-06,0.0221
2026-04-28T21:31:37.520,1.691745187260641,7.63037695281434e-06,0.024785
2026-04-28T21:31:57.524,1.6917386448429896,7.573421386488547e-06,0.023105
2026-04-28T21:32:17.529,1.6906832296128886,7.573421386488547e-06,0.0224
2026-04-28T21:32:37.539,1.6901901778478605,7.516890954668647e-06,0.022744999999999998
2026-04-28T21:32:57.547,1.6897008239710702,7.573421386488547e-06,0.023295
2026-04-28T21:33:17.552,1.6867767425515132,7.573421386488547e-06,0.02356
2026-04-28T21:33:37.563,1.684719484061934,7.516890954668647e-06,0.02331
2026-04-28T21:33:57.568,1.6852027696093086,7.573421386488547e-06,0.02255
2026-04-28T21:34:17.572,1.6845496656559407,7.573421386488547e-06,0.02256
2026-04-28T21:34:37.582,1.684861426079674,7.516890954668647e-06,0.02278
2026-04-28T21:34:57.587,1.6844364533852785,7.516890954668647e-06,0.023275
2026-04-28T21:35:17.592,1.6846717907854323,7.573421386488547e-06,0.022675
2026-04-28T21:35:37.596,1.6828137441724538,7.516890954668647e-06,0.022585
2026-04-28T21:35:57.601,1.6831167813726517,7.516890954668647e-06,0.022125
2026-04-28T21:36:17.610,1.6813797220773994,7.516890954668647e-06,0.02271
2026-04-28T21:36:37.619,1.6786982790168243,7.460782484015114e-06,0.022435
2026-04-28T21:36:57.624,1.6786060214461758,7.460782484015114e-06,0.022825
2026-04-28T21:37:17.629,1.6779587013692825,7.460782484015114e-06,0.022135
2026-04-28T21:37:37.635,1.6777946668397634,7.460782484015114e-06,0.022805
2026-04-28T21:37:57.644,1.6760813119562914,7.460782484015114e-06,0.02346
2026-04-28T21:38:17.648,1.6737756312312557,7.460782484015114e-06,0.024710000000000003
2026-04-28T21:38:37.656,1.6733505637192134,7.405092824875286e-06,0.024055
2026-04-28T21:38:57.661,1.6730963576072826,7.460782484015114e-06,0.022555
2026-04-28T21:39:17.665,1.672800621365913,7.460782484015114e-06,0.023505
2026-04-28T21:39:37.679,1.6725680336775257,7.460782484015114e-06,0.02389
2026-04-28T21:39:57.683,1.6713783566591016,7.405092824875286e-06,0.02134
2026-04-28T21:40:17.687,1.67037926311139,7.460782484015114e-06,0.021925
2026-04-28T21:40:37.692,1.6692354778341725,7.460782484015114e-06,0.02379
2026-04-28T21:40:57.696,1.6671527133975177,7.460782484015114e-06,0.022435
2026-04-28T21:41:17.705,1.6663719848911254,7.349818851106496e-06,0.02208
2026-04-28T21:41:37.710,1.6658978966555216,7.349818851106496e-06,0.021535
2026-04-28T21:41:57.715,1.6659073784202336,7.349818851106496e-06,0.022455
2026-04-28T21:42:17.719,1.6657651519495527,7.349818851106496e-06,0.022835
2026-04-28T21:42:37.727,1.664397881478071,7.294957459900621e-06,0.023175
2026-04-28T21:42:57.736,1.664816975478345,7.294957459900621e-06,0.02268
2026-04-28T21:43:17.740,1.6630015968065708,7.405092824875286e-06,0.02204
2026-04-28T21:43:37.752,1.660569144887335,7.294957459900621e-06,0.022935
2026-04-28T21:43:57.757,1.6582089440152048,7.294957459900621e-06,0.021865000000000002
2026-04-28T21:44:17.761,1.6581607766504676,7.294957459900621e-06,0.021815
2026-04-28T21:44:37.776,1.6584353685565292,7.349818851106496e-06,0.022005
2026-04-28T21:44:57.780,1.658464193121254,7.294957459900621e-06,0.023065
2026-04-28T21:45:17.785,1.6567560532083734,7.294957459900621e-06,0.022025
2026-04-28T21:45:37.794,1.6541784354713955,7.349818851106496e-06,0.02268
2026-04-28T21:45:57.798,1.6525286084114943,7.240505571609839e-06,0.02169
2026-04-28T21:46:17.806,1.6512275206577032,7.294957459900621e-06,0.023075000000000002
2026-04-28T21:46:37.811,1.6508977448810174,7.240505571609839e-06,0.023035
2026-04-28T21:46:57.816,1.6515671574696897,7.240505571609839e-06,0.021490000000000002
2026-04-28T21:47:17.820,1.651845921352225,7.240505571609839e-06,0.021755
